treatment,transnum,transect,site,altitude,transpair,slope,quad,forb,forb,forb,forb,forb,forb,forb,forb,forb,forb,forb,forb,forb,forb,forb,forb,forb,forb,graminoid,graminoid,graminoid,graminoid,graminoid,graminoid,graminoid,graminoid,graminoid,graminoid,bryophyte,bryophyte,bryophyte,bryophyte,bryophyte,bryophyte,bryophyte,bryophyte,bryophyte,bryophyte,bryophyte,bryophyte,bryophyte,bryophyte,bryophyte,bryophyte,bryophyte,bryophyte,bryophyte,bryophyte,bryophyte,bryophyte,bryophyte,eshrub,eshrub,eshrub,eshrub,eshrub,eshrub,eshrub,dshrub,conifer,conifer,crust,litter,soil,rock,rockcrust
near,1,TM-1,TM,1579.9,1,2,1,0,0,0,0,0,0,0,0,0,0.5,0,0,0,0,0,0,0,0,0,0,0,0,0,0,0,0,0,0,0,0,0,0,0,0,0,0,0,0,0,0,0,0,0,0,0,0,0,0,0,0,0,0,0,0,0,10,0,0,0,0,0,0,0,90,0,0
near,1,TM-1,TM,1579.9,1,2,2,0,0,0,0,0,0,0,0,0,0.5,0,0,0,0,0,0,0,0,0,0,0,0,0,0,0,0,0,0,0,0,0,0,0,0,0,0,0,0,0,0,0,0,0,0,0,0,0,0,0,0,0,0,0,0,0,10,0,0,0,0,0,0,0,90,0,0
near,1,TM-1,TM,1579.9,1,2,3,0,0,0,0,0,0,0,0,0,1,0,0,0,0,0,0,0,0,0,0,0,0,0,0,0,0,0,0,0,0,0,0,0,0,0,0,0,0,0,0,0,0,0,0,0,0,0,0,0,0,0,1,0,0,0,1,0,0,0,0,0,0,0,95,0,0
near,1,TM-1,TM,1579.9,1,2,4,0,0,0,0,0,0,0,0,0,5,0,0,0,0,0,0,0,0,0,0,0,0,0,0,0,0,0,0,0,0,0,0,0,0,0,0,0,0,0,0,0,0,0,0,0,0,0,0,0,0,0,10,15,0,0,20,0,0,0,0,0,0,0,80,0,0
near,1,TM-1,TM,1579.9,1,2,5,0,0,0,0,0,0,0,0,0,1,0,0,0,0,0,0,0,0,0,0,0,0,0,0,0,0,0,0,0,0,0,0,0,0,0,0,0,0,0,0,0,0,0,0,0,0,0,0,0,0,0,0,0,0,0,0.5,0,0,0,0,0,0,0,95,0,0
near,1,TM-1,TM,1579.9,1,2,6,0,0,0,0,0,0,0,0,0,0.5,0,0,0,0,0,0,0,0,0,0,0,0,0,0,0,0,0,0,0,0,0,0,0,0,0,0,0,0,0,0,0,0,0,0,0,0,0,0,0,0,0,0,0,0,0,0,0,0,0,0,0,0,0,95,0,0
near,1,TM-1,TM,1579.9,1,2,7,0,0,0,0,0,0,0,0,0,1,0,0,0,0,0,0,0,0,0,0,0.5,0,0,0,0,0,0,0,0,0,0,0,0,0,0,0,0,0,0,0,0,0,0,0,0,0,0,0,0,0,0,0.5,0,0,0,0,0,0,0,0,0,0,0,95,0,0
near,1,TM-1,TM,1579.9,1,2,8,0,0,0,0,0,0,0,0,0,0,0,0,0,0,0,0,0,0,0,0,0,0,0,0,0,0,0,0,0,0,0,0,0,0,0,0,0,0,0,0,0,0,0,0,0,0,0,0,0,0,0,0,0,0,0,0,0,0,0,0,0,0,0,100,0,0
near,1,TM-1,TM,1579.9,1,2,9,0,0,0,0,0,0,0,0,0,0.5,0,0,0,0,0,0,0,0,0,0,0,0,0,0,0,0,0,0,0,0,0,0,0,0,0,0,0,0,0,0,0,0,0,0,0,0,0,0,0,0,0,0.5,0,0,0,0,0,0,0,0,0,0,0,95,0,0
near,1,TM-1,TM,1579.9,1,2,10,0,0,0,0,0,0,0,0,0,5,0,0,0,0,0,0,0,0,0,0,0.5,0,0,0,0,10,0,0,0,0,0,0,0,0,0,0,0,0,0,0,0,0,0,0,0,0,0,0,0,0,0,10,0,0,0,5,0,0,0,0,0,0,0,90,0,0
far,2,TM-2,TM,1579.9,1,4,1,0,0,0,0,0,0,0,0,0,10,0,0,0,0,0,0,0,0,0,0,0,0,0,0,0,0,0,0,0,0,5,0.5,0,0,0,0,0,0,0,0,0,0,0,0,0,0,0,0,0,0,0,20,15,0,0,30,0,0,0,0,0,0,20,0,0,0
far,2,TM-2,TM,1579.9,1,4,2,0,0,0,0,0,0,0,0,0,10,0,0,0,0,0,0,0,0,0,0,0,0,0,0,0,0,0,0,0,0,0.5,0,0,0,0,0,0,0,0,0,0,0,0,0,0,0,0,0,0,0,0,25,10,0,0,15,0,0,0,0.5,0,0,25,0,0,0
far,2,TM-2,TM,1579.9,1,4,3,0,0,0,0,0,0,0,0,0,10,0,0,0,0,0,0,0,0,0,0,0,0,0,0,0,0,0,0,0,0,0.5,0,0,0,0,0,0,0,0,0,0,0,0,0,0,0,0,0,0,0,0,15,10,0,0,5,0,0,0,0.5,0,0,70,0,0,0
far,2,TM-2,TM,1579.9,1,4,4,0,0,0,0,0,0,0,0,0,5,0,0,0,0,0,0,0,0,0,0,0,0,0,0,0,0,0,0,0,0,0.5,0.5,0,0,0,0,0,0,0,0,0,0,0,0,0,0,0,0,0,0,0,10,15,0,0,0,0,0,0,0.5,0,0,70,0,0,0
far,2,TM-2,TM,1579.9,1,4,5,0,0,0,0,0,0,0,0,0,10,0,0,0,0,0,0,0,0,0,0,0,0,0,0,0,0,0,0,0,0,0.5,0,0,0,0,0,0,0,0,0,0,0,0,0,0,0,0,0,0,0,0,15,25,0,0,0,0,0,0,0.5,0,0,70,0,0,0
far,2,TM-2,TM,1579.9,1,4,6,0,0,0,0,0,0,0,0,0,10,0,0,0,0,0,0,0,0,0,0,0,0,0,0,0,0,0,0,0,0,1,0,0,0,0,0,0,0,0,0,0,0,0,0,0,0,0,0,0,0,0,20,15,0,0,1,0,0,0,0.5,0,0,75,0,0,0
far,2,TM-2,TM,1579.9,1,4,7,0,0,0,0,0,0,0,0.5,0,5,0,0,0,0,0,0,0,0,0,0,0,0,0,0,0,0,0,0,0,0,5,0,0,0,0,0,0,0,0,0,0,0,0,0,0,0,0,0,0,0,0,10,10,0,0,0,0,0,0,1,0,0,80,0,0,0
far,2,TM-2,TM,1579.9,1,4,8,0,0,0,0,0,0,0,0,0,5,0,0,0,0,0,0,0,0,0,0,0,0,0,0,0,0,0,0,0,0,1,0,0,0,0,0,0,0,0,0,0,0,0,0,0,0,0,0,0,0,0,5,10,0,0,10,0,0,0,0.5,0,0,50,0,0,0
far,2,TM-2,TM,1579.9,1,4,9,0,0,0,0,0,0,0,0,0,1,0,0,0,0,0,0,0,0,0,0,0,0,0,0,0,0,0,0,0,0,1,0.5,0,0,0,0,0,0,0,0,0,0,0,0,0,0,0,0,0,0,0,10,10,0,0,5,0,0,0,0,0,0,50,0,0,0
far,2,TM-2,TM,1579.9,1,4,10,0,0,0,0,0,0,0,0,0,5,0,0,0,0,0,0,0,0,0,0,0,0,0,0,0,0,0,0,0,0,1,0,0,0,0,0,0,0,0,0,0,0,0,0,0,0,0,0,0,0,0,5,5,0,1,5,0,0,0,0,0,0,80,0,0,0
near,3,TM-3,TM,1581.1,2,16,1,0,0,0,0,0,0,0,0,0,10,0,0,0,0,0,0,0,0,20,0,0,0,0,5,0,0,0,0,0,0,0,0,0,0,0,0,0,0,0,0,0,0,0,0,0,0,0,0,0,0,0,0,0,0,0.5,1,0,0,0,0,0,0,0,70,0,0
near,3,TM-3,TM,1581.1,2,16,2,0,0,0,0,0,0,0,0,0,5,0,0,0,0,0,0,0,0,5,0,0,0,0,5,0,0,0,0,0,0,0,0,0,0,0,0,0,0,0,0,0,0,0,0,0,0,0,0,0,0,0,0,0,0,0,0,0,0,0,0,0,0,0,75,0,0
near,3,TM-3,TM,1581.1,2,16,3,0,0,0,0,0,0,0,0,0,5,0,0,0,0,0,0,0,0,1,0,0,0,0,0.5,0,0,0,0,0,0,0,0,0,0,0,0,0,0,0,0,0,0,0,0,0,0,0,0,0,0,0,0,0,0,0,1,0,0,0,0,0,0,0,90,0,0
near,3,TM-3,TM,1581.1,2,16,4,0,0,0,0,0,0,0,0,0,10,0,0,0,0,0,0,0,0,0,0,0,0,0,0.5,0,0,0,0,0,0,0,0,0,0,0,0,0,0,0,0,0,0,0,0,0,0,0,0,0,0,0,0.5,0.5,0,0,0,0,0,0,0,0,0,0,90,0,0
near,3,TM-3,TM,1581.1,2,16,5,0,0,0,0,0,0,0,0.5,0,30,0,0,0,0,0,0,0,0,1,0,0,0,0,1,0,0,0,0,0,0,0,0,0,0,0,0,0,0,0,0,0,0,0,0,0,0,0,0,0,0,0,10,0,0,0,0,0,0,0,0,0,0,0,65,0,0
near,3,TM-3,TM,1581.1,2,16,6,0,0,0,0,0,0,0,0,0,20,0,0,0,0,0,0,0,0,0.5,0,0,0,0,0,0,0,0,0,0,0,0,0,0,0,0,0,0,0,0,0,0,0,0,0,0,0,0,0,0,0,0,5,0,0,0,0,0,0,0,0,0,0,0,70,0,0
near,3,TM-3,TM,1581.1,2,16,7,0,0,0,0,0,0,0,0,0,0,0,0,0,0,0,0,0,0,0,0,0,0,0,0,0,0,0,0,0,0,0,0,0,0,0,0,0,0,0,0,0,0,0,0,0,0,0,0,0,0,0,1,0,0,0,0,0,0,0,0,0,0,0,100,0,0
near,3,TM-3,TM,1581.1,2,16,8,0,0,0,0,0,0,0,0,0,0,0,0,0,0,0,0,0,0,0,0,0,0,0,0,0.5,0,0,0,0,0,0,0,0,0,0,0,0,0,0,0,0,0,0,0,0,0,0,0,0,0,0,0,0,0,0,0,0,0,0,0,0,0,0,100,0,0
near,3,TM-3,TM,1581.1,2,16,9,0,0,0,0,0,0,0,0,0,0.5,0,0,0,0,0,0,0,0,0.5,0,0,0,0,0,0,0,0,0,0,0,0,0,0,0,0,0,0,0,0,0,0,0,0,0,0,0,0,0,0,0,0,0,0,0,0,0,0,0,0,0,0,0,0,100,0,0
near,3,TM-3,TM,1581.1,2,16,10,0,0,0,0,0,0,0.5,0,0,10,0,0,0,0,0,0,0,0,1,0,0,0,0,0,0,0,0,0,0,0,0,0,0,0,0,0,0,0,0,0,0,0,0,0,0,0,0,0,0,0,0,0,0,0,0,0,0,0,0,0,0,0,0,100,0,0
far,4,TM-4,TM,1581,2,8,1,0,0,1,0,0,0,1,0.5,0,5,0,0,0,0,0,0,0,0,10,0,0,0,0,0.5,0,0,0,0,0.5,0,1,10,0,0,0,0,0,0,0.5,0,0,0,0,0,0.5,0,0,0,0,0,0,1,0,0,1,25,0,0,0,0,0,0,5,0,0,0
far,4,TM-4,TM,1581,2,8,2,0,0,0.5,0,0,0,0,0.5,0,30,0,0,0,0,0,0,0,0,1,0,0,0,0,0.5,0,0,0,0,0,0,0.5,0,0,0,0,0,0,0,0,0,0,0,0,0,5,0,0,0,0,0,0,5,0,0,1,30,0,0,0,0,0,0,0,0,0,0
far,4,TM-4,TM,1581,2,8,3,0,0,0.5,0,0,0,0,0.5,0,50,0,0,0,0,0,0,0,0,1,0,0,0,0,0,0,0,0,0,0,0,0,0.5,0,0,0,0,0,0,0,0,0,0,0,0,5,0,0,0,0,0,0,10,0,0,5,15,0,0,0,0,0,0,1,0,0,0
far,4,TM-4,TM,1581,2,8,4,0,0,0,0,0,0,0,1,0,30,0,0,0,0,0,0,0,0,25,0,0,0,0,0,0,0,0,0,0,0,1,0,0,0,0,0,0,0,0,0,0,0,0,0,15,0,0,0,0,0,0,30,0,0,1,10,0,0,0,0,0,0,5,0,0,0
far,4,TM-4,TM,1581,2,8,5,0,0,0,0,0,0,0,0,0,45,0,0,0,0,0,0,0,0,10,0,0,0,0,0,0,0,0,0,0,0,1,0,0,0,0,0,0,0,0,0,0,0,0,0,10,0,0,0,0,0,0,40,1,0,5,5,0,0,0,5,0,0,5,0,0,0
far,4,TM-4,TM,1581,2,8,6,0,0,0,0,0,0,0,0,0,10,0,0,0,0,0,0,0,0,0.5,0,0,0,0,0,0,0,0,0,0,0,0,0,0,0,0,0,0,0,0,0,0,0,0,0,1,0,0,0,0,0,0,20,40,0,0.5,60,0,0,0,0,0,0,1,0,0,0
far,4,TM-4,TM,1581,2,8,7,0,0,0,0,0,0,0.5,0,0,20,0,0,0,0,0,0,0,0,1,0,0.5,0,0,0,0,0,0,0,0,0,0,20,0,0,0,0,0,0,0,0,0,0,0,0,0,0,0,0,0,0,0,35,60,0,1,25,0,0,0,0,0,0,1,0,0,0
far,4,TM-4,TM,1581,2,8,8,0,0,0,0,0,0,0,0,0,10,0,0,0,0,0,0,0,0,0,0,0,0,0,0,0,0,0,0,0,0,0,25,0,0,0,0,0,0,0,0,0,0,0,0,0,0,0,0,0,0,0,25,50,0,0.5,45,0,0,0,0,0,0,5,0,0,0
far,4,TM-4,TM,1581,2,8,9,0,0,0,0,0,0,0,0,0,15,0,0,0,0,0,0,0,0,0,0,0,0,0,0,0,0,0,0,0,0,0,10,0,0,0,0,0,0,0,0,0,0,0,0,0,0,0,0,0,0,0,25,30,0,0.5,50,0,0,0,60,0,0,15,0,0,0
far,4,TM-4,TM,1581,2,8,10,0,0,0,0,0,0,1,0,0,5,0,0,0,0,0,0,0,0,0,0,0,0,0,0,0,0,0,0,0,0,0,5,0,0,0,0,0,0,0.5,0,0,0,0,0,0,0,0,0,0,0,0,30,15,0,0.5,90,0,0,0,5,0,0,0.5,0,0,0
near,5,TM-5,TM,1587.8,3,11,1,0,0,0.5,0,0,0,0.5,0.5,0,20,0,0,0,0,0,0,0,0,0,0,0.5,0,0,1,0,0,0,0,0,0,0,0,0.5,0,0,1,0,0,0,0,0,0,0,0,0,0,0.5,0,0,0,0,10,15,0,1,15,0,0,0,0.5,0,0,0,10,0,0
near,5,TM-5,TM,1587.8,3,11,2,0,0,0,0,0.5,0,0.5,0.5,0,25,0,0,0,0,0,0,0,0,0,0,0.5,0,0,0.5,0,0,0,0,0,0,0,0,0,0,0,0.5,0,0,0.5,0,0,0,0,0,0,0,1,0,0,0,0,5,10,0,0.5,20,0,0,0,0.5,0.5,0,0,10,0,0
near,5,TM-5,TM,1587.8,3,11,3,0,0,0,0,5,0,0.5,0,0,15,0,0,0,0,0,0,0,0,0,0,0.5,0,0,0,0.5,0,0,0,0,0.5,0,0,0,0,0,0.5,0,0,0,1,0,0,0,0,0,0,0,0,0,0,0,25,10,0,10,70,0,0,0,0,5,0,0,10,0,0
near,5,TM-5,TM,1587.8,3,11,4,0,0,0,0,0,0,0.5,0.5,0,10,0,0,0,0,0,0,0,0,0.5,0,0.5,0,0,0,0.5,0,0,0,0,5,0,0,0,0,0,0.5,0,0,5,0,0,0,0,0,0,0,0.5,0,0,0,0,10,20,0,1,20,0,0,0,5,1,10,0,10,0,10
near,5,TM-5,TM,1587.8,3,11,5,0,0,0.5,0,1,0,0,0.5,0,5,0,0,0,0,0,0,0,0,0,0,0.5,0,0,0,0,0,0,0,0,1,0,0,0.5,0,0,0.5,0,0,1,0,0,0,0,0,0,0,1,0,0,0,0,5,5,0,0.5,25,0,0,0,0.5,0,10,0,0,0,10
near,5,TM-5,TM,1587.8,3,11,6,0,0,0.5,0,0.5,0,1,0,0,15,0,0,0,0,0,0,0,0,0,0,0.5,0,0,0.5,0,0,0,0,0,1,0,0,0,0,0,0,0,0,1,0,0,0,0,0,0,0,0,0,0,0,0,5,10,0,1,30,0,0,0,1,0,25,0,0,0,25
near,5,TM-5,TM,1587.8,3,11,7,0,0,0,0,5,0,0.5,0.5,0,15,0,0,0,0,0,0,0,0,0,0,0.5,0,0,0.5,0,0,0,0,0,0,0,0,0,0,0,1,0,0,10,0,0,0,0,0,0,0,0,0,0,0,0,15,5,0,1,25,0,0,0,1,0,15,0,0,0,15
near,5,TM-5,TM,1587.8,3,11,8,0,0,0,0,0,0,0,0.5,0,15,0,0,0,0,0,0,0,0,0,0,0.5,0,0,0.5,0,0,0,0,0,0,0,0,0,0,0,1,0,0,10,0,0,0,0,0,0,0,0,0,0,0,0.5,15,10,0,5,20,0,0,0,0,0,10,0,0,0,10
near,5,TM-5,TM,1587.8,3,11,9,0,0,0,0,0,0,0.5,1,0,15,0,0,0,0,0,0,0,0,0.5,0,1,0,0,0,0,0,0,0,0,0,0,0,0,0,0,0,0,0,5,0,0,0,0,0,0,0,0,0,0,0,0,15,15,0,10,30,0,0,0,0,0,0,0,15,0,0
near,5,TM-5,TM,1587.8,3,11,10,0,0,0,0,1,0,0,5,0,40,0,0,0,0,0,0,0,0,0,0,0,0,0,0.5,0,0,0,0,0,0,0,0,0,0,0,0.5,0,0,1,0,0,0,0,0,0,0,0,0,0,0,0,20,10,0,0,30,0,0,0,0.5,10,0,0,5,0,0
far,6,TM-6,TM,1588,3,11,1,0,0,15,0,0,0,0.5,0.5,0,1,0,0,5,0,0,0,0,0.5,1,0,5,0,0,0,0,0,0,0,0,0,0,0,0,0,0,1,0,0,20,0,0,0,0,0,0,0,0,0,0,1,0,5,70,0,0,35,0,0,0,0,0,0,0,0,0,0
far,6,TM-6,TM,1588,3,11,2,0,0,10,0,0,0,0.5,0,0,1,0,0,0.5,0,0,0,0,0.5,5,0,5,0,0,0,0,0,0,0,1,0.5,0,0,0,0,0,0,0,0,5,0,0,0,0,0,0,0.5,0,0,0,0.5,0,10,5,0,5,20,0,0,0,0.5,0,0,5,0,0,0
far,6,TM-6,TM,1588,3,11,3,0,0,10,0,0,0,0.5,0.5,0,0.5,0,0,5,0,0,0,0,0.5,25,0,1,0,0,0,1,0,0,0,10,1,0,0,0,0,0,0.5,0,0,1,0,0,0,0,0,0,0,0,0,0,0,1,0,0,0,0,10,0,0,1,0,0,0,0,0,0,0
far,6,TM-6,TM,1588,3,11,4,0,0,15,0,0,0,0.5,0.5,0,0,0,0,1,0,0,0,0,1,30,0,0.5,0,0,0,0,0,0,0,25,0,0,0,0,0,0,0,0,0,0,0,0,0,0,0,0,1,0,0,0,0,0,5,0,0,0,1,0,0,0,0,0,0,0,0,0,0
far,6,TM-6,TM,1588,3,11,5,0,0,10,1,0,0,1,0.5,5,0,0,0,5,0,0,0,0,1,30,0,0.5,0,0,0,0,0,0,0,10,0,0,0,0,0,0,0,0,0,5,0,0,0,0,0,0,0,0,0,0,0,0,5,0,0,0,0,0,0,30,0,0,0,0,0,0,0
far,6,TM-6,TM,1588,3,11,6,0,0,15,0,0,0,0,0,5,0,0,0,10,0,0,0,0,0,0,0,0,0,0,0,0,0,0,0,10,0,0,0,0,0,0,0,0,0,0,0,0,0,0,0,0,0,0,0,0,0,0,5,0,0,0,15,0,0,30,0,0,0,0,0,0,0
far,6,TM-6,TM,1588,3,11,7,0,0,15,0,0,0,0.5,0,0.5,0,0,0,15,0,0,0,0,0,5,0,0.5,0,0,0,0,0,0,0,10,0,0,0,0,0,0,0,0,0,0,0,0,0,0,0,0,0.5,0,0,0,5,0,10,1,0,0.5,25,0,0,20,0,0,0,0,0,0,0
far,6,TM-6,TM,1588,3,11,8,0,0,1,0,0,0,0,0,15,0.5,0,0,5,0,0,0,0,0,0,0,1,0,0,0,0,0,0,0,0,0,0,0,0,0,0,0,0,0,0,0,0,0,0,0,0,0,0,0,0,0,0,15,15,0,0,30,0,0,15,5,0,0,0,0,0,0
far,6,TM-6,TM,1588,3,11,9,0,0,0,0,5,0,0,0,5,0.5,0,0,0,0,0,0,0,0,0,0,0,0,0,0,0,0,0,0,0,0,0,0,0,0,0,0,0,0,0,0,0,0,0,0,0,0,0,0,0,0,0,15,15,0,0,5,0,0,5,50,70,0,0,0,0,0
far,6,TM-6,TM,1588,3,11,10,0,0,0,0,5,0,0,0,0,10,0,0,0,0,0,0,0,0,0,0,0,0,0,1,0,0,0,0,1,0,0,0,0,0,0,10,0,0,1,0,0,0,0,0,0,0,0,0,0,1,0,20,20,0,5,20,0,0,0,0,0,10,10,0,0,10
near,7,TM-7,TM,1668.5,4,3,1,0,0,0,0,1,0,0,0,0,5,0,0,0,0,0,0,0,0,0,0,0,0,0,0,0,0,0,0,0,0,0,0,0,0,0,0,0,0,0,0,0,0,0,0,0,0,0,0,0,0,0,0.5,5,0,0,20,0,0,0,0,0,0,0,70,0,0
near,7,TM-7,TM,1668.5,4,3,2,0,0,0,0,5,0,0,0,0,1,0,0,0,0,0,0,0,0,0,0,0.5,0,0,0,0,0,0,0,0,0,0,0,0,0,0,0,0,0,0,0,0,0,0,0,0,0,0,0,0,0,0,1,1,0,0,5,0,0,0,0,0,0,0,90,0,0
near,7,TM-7,TM,1668.5,4,3,3,0,0,0,0,1,0,0,0.5,0,5,5,0,0,0,0,0,0,0,0,0,0,0,0,0,0,0,0,0,0,0,0,0,0,0,0,0,0,0,0,0,0,0,0,0,0,0,0,0,0,0,0,10,10,0,0,30,0,0,0,0.5,0,0,0,65,0,0
near,7,TM-7,TM,1668.5,4,3,4,0,0,0,0,1,0,0,0,0,10,0,0,0,0,0,0,0,0,0,0,0,0,0,0,0,0,0,0,0,0,0,0,0,0,0,0,0,0,0,0,0,0,0,0,0,0,0,0,0,0,0,25,35,0,0,50,0,0,0,5,0,0,10,15,0,0
near,7,TM-7,TM,1668.5,4,3,5,0,0,0,0,10,0,0,0,0,5,0,0,0,0,0,0,0,0,0,0,0,0,0,0,0,0,0,0,0,0,0,0,0,0,0,0,0,0,0,0,0,0,0,0,0,0,0,0,0,0,0,15,20,0,0,15,0,0,0,0,0,0,0,60,0,0
near,7,TM-7,TM,1668.5,4,3,6,0,0,0,0,25,0,0,0,0,5,0,0,0,0,0,0,0,0,0,0,0,0,0,0,0,0,0,0,0,0,0,0,0,0,0,0,0,0,0,0,0,0,0,0,0,0,0,0,0,0,0,5,15,0,0,25,0,0,0,0,0,0,0,50,0,0
near,7,TM-7,TM,1668.5,4,3,7,0,0,0,0,0,0,0.5,0,0,10,25,0,0,0,0,0,0,0,0,0,1,0,0,5,0,0,0,0,0,0,0,0,0,0,0,0,0,0,0,0,0,0,0,0,0,0,0,0,0,0,0,20,20,0,0,40,0,0,0,5,10,0,0,30,0,0
near,7,TM-7,TM,1668.5,4,3,8,0,0,0,0,0,0,0,0,0,20,10,0,0,0,0,0,0,0,0,0,0,0,0,0.5,0,0,0,0,0,0,0,0,0,0,0,0,0,0,0,0,0,0,0,0,0,0,0,0,0,0,0,35,25,0,0,45,0,0,0,0,0,0,0,30,0,0
near,7,TM-7,TM,1668.5,4,3,9,0,0,0,0,0,0,0,0,0,10,0,0,0,0,0,0,0,0,0,0,0,0,0,0,0,0,0,0,0,0,0,0,0,0,0,0,0,0,0,0,0,0,0,0,0,0,0,0,0,0,0,20,20,0,0,25,0,0,0,0,0,0,0,40,0,0
near,7,TM-7,TM,1668.5,4,3,10,0,0,0,0,0,0,0,0,0,10,0,0,0,0,0,0,0,0,0,0,0,0,0,0,0,0,0,0,0,0,0,0,0,0,0,0,0,0,0,0,0,0,0,0,0,0,0,0,0,0,0,35,30,0,0,30,0,0,0,0,0,0,0,35,0,0
far,8,TM-8,TM,1668.5,4,5,1,0,0,0,0,0,0,0.5,0,0,5,0,0,0,0,0,0,0,0,0,0,0.5,0,0,0,0,0,0,0,0,0,0,0,0,0,0,15,0,0,0,0,0,0,0,0,0,0,0,0,0,0,0,15,30,0,0,5,0,0,0,1,5,10,15,0,0,10
far,8,TM-8,TM,1668.5,4,5,2,0,0,0,0,0,0,0,0,0,5,0,0,0,0,0,0,0,0,0,0,0,0,0,0,0,0,0,0,0,0,0,0,0,0,0,0,0,0,0,0,0,0,0,0,0,0,0,0,0,5,0,15,10,0,0,10,0,0,0,0,0,15,10,0,0,15
far,8,TM-8,TM,1668.5,4,5,3,0,0,0,0,0,0,0,0.5,0,1,0,0,0,0,0,0,0,0,0,0,0.5,0,0,0,0,0,0,0,0,0,0,0,0,0,0,1,0,0,0,0,0,0,0,0,0,0,0,0,0,0,0,10,15,0,0,15,0,0,0,0.5,0,20,10,0,0,20
far,8,TM-8,TM,1668.5,4,5,4,0,0,0,0,0,0,0,0,0,1,0,0,0,0,0,0,0,0,0,0,0.5,0,0,0,0,0,0,0,0,0,0,0,0,0,0,5,0,0,0,0,0,0,0,0,0,0,0,0,0,0,0,15,15,0,0,5,0,0,0,0,0,5,10,0,0,5
far,8,TM-8,TM,1668.5,4,5,5,0,0,0,0,0,0,0,0,0,1,0,0,0,0,0,0,0,0,0,0,0.5,0,0,0,0,0,0,0,0,0,0,0,0,0,0,10,0,0,0,0,0,0,0,0,0,0,0,0,0,0,0,10,15,0,0,15,0,0,0,0.5,0,15,10,0,0,15
far,8,TM-8,TM,1668.5,4,5,6,0,0,0,0,0,0,0,0,0,1,0,0,0,0,0,0,0,0,0,0,0.5,0,0,0,0,0,0,0,0,0,0,0,0,0,0,5,0,0,0,0,0,0,0,0,0,0,0,0,0,0,0,5,10,0,0,5,0,0,0,0,0,10,20,0,0,10
far,8,TM-8,TM,1668.5,4,5,7,0,0,0,0,0,0,0,0,0,5,0,0,0,0,0,0,0,0,0,0,0,0,0,0,0,0,0,0,0,0,0,0,0,0,0,20,0,0,0,0,0,0,0,0,0,0,0,0,0,0,0,25,45,0,0,15,0,0,0,0,0,15,25,0,0,15
far,8,TM-8,TM,1668.5,4,5,8,0,0,0,0,0,0,0,0,0,15,0,0,0,0,0,0,0,0,0,0,0,0,0,0,0,0,0,0,0,0,0,0,0,0,0,15,0,0,0,0,0,0,0,0,0,0,0,0,0,0,0,30,50,0,0,25,0,0,0,0,0,5,25,0,0,5
far,8,TM-8,TM,1668.5,4,5,9,0,0,0,0,0,0,0,0,0,5,0,0,0,0,0,0,0,0,0,0,0,0,0,0,0,0,0,0,0,0,0,0,0,0,0,0,0,0,0,0,0,0,0,0,0,0,0,0,0,0,0,20,30,0,0,25,0,0,0,0,0,0,45,0,0,0
far,8,TM-8,TM,1668.5,4,5,10,0,0,0,0,0,0,0,0,0,0,0,0,0,0,0,0,0,0,0,0,0,0,0,0,0,0,0,0,0,0,0,0,0,0,0,0,0,0,0,0,0,0,0,0,0,0,0,0,0,0,0,15,5,0,0,20,0,0,0,0,20,0,60,0,0,0
near,9,BT-9,BT,1698.2,5,8,1,0,0,0,0,0,0,0,0,0,5,0,0,0,0,0,0,0,0,0,0,0,0,0,0,0,0,0,0,0,0,0,0,0,0,0,0,0,0,5,0,0,0,0,1,0,0,0,0,0,0,0,10,0,0,0,10,0,0,0,0,0,0,0,50,0,0
near,9,BT-9,BT,1698.2,5,8,2,0,0,0,0,0,0,0,0,0,1,0,0,0,0,0,0,0,0,0,0,0,0,0,0,0.5,0,0,0,0,0,0,0,0,0,0,0,0,0,5,0,0,0,0,0,0,0,0,0,0,0,0,5,0,0,0,0,0,0,0,0,0,0,0,90,0,0
near,9,BT-9,BT,1698.2,5,8,3,0,0,0,0,0,0,0,0.5,0,10,0,0,0,0,0,0,0,0,0,0,0,0,0,0,0.5,0,0,0,0,0,0,0,0,0,0,0,0,0,0,0,0,0,0,0,0,0,0,0,0,0,0,10,0,0,0,0,0,0,0,0,0,0,0,70,0,0
near,9,BT-9,BT,1698.2,5,8,4,0,0,0,0,0,0,0,0.5,0,15,0,0,0,0,0,0,0,0,0,0,0,0,0,0,0.5,0,0,0,0,0,0,0,0,0,0,0,0,0,1,0,0,0,0,0,0,0,0,0,0,0,0,10,0,0,0,0,0,0,0,0,0,0,0,60,0,0
near,9,BT-9,BT,1698.2,5,8,5,0,1,0,0,0,0,0,1,0,25,0,0,0,0,0,0,0,0,0,0,0.5,0,0,0,0.5,0,0,0,0,0,0,0,0,0,0,0,0,0,1,0,0,0,0,0,0,0,0,0,0,0,0,15,0,0,0,0,0,0,0,0,0,0,0,40,0,0
near,9,BT-9,BT,1698.2,5,8,6,0,0,0,0,0,0,0,0,0,15,0,0,0,0,0,0,0,0,0,0,0.5,0,0,0,0,0,0,0,0,0,0,0,0,0,1,0,0,0,0.5,0,0,0,0,0,0,0,0,0,0,0,0,20,0,0,0,10,0,0,0,0,0,0,0,30,0,0
near,9,BT-9,BT,1698.2,5,8,7,0,0,0,0,0,0,0,0,0,10,0,0,0,0,0,0,0,0,0,0,0,0,0,0,0,0,0,0,0,0,0,0,0,0.5,0,5,0,0,0,0,0,0,0,0.5,0,0,0,0,0,0,0,15,0,0,0,15,0,0,0,0,0,0,0,30,0,0
near,9,BT-9,BT,1698.2,5,8,8,0,0,0,0,0,0,0,0,0,15,0,0,0,0,0,0,0,0,0,0,0,0,0,0,0,0,0,0,0,0,0,0,0,0.5,0,1,0,0,0,0,0,0,0,0,0,0,0,0,0,0,0,15,0,0,0,10,0,0,0,0,0,0,0,30,0,0
near,9,BT-9,BT,1698.2,5,8,9,0,0,0,0,0,0,0,0,0,20,0,0,0,0,0,0,0,0,0,0,0,0,0,0,0,0,0,0,0,0,0,0,0,0,0,1,0,0,0,0,0,0,0,0.5,0,0,0,0,0,0,0,15,0,0,0,15,0,0,0,0,0,0,0,15,0,0
near,9,BT-9,BT,1698.2,5,8,10,0,0,0,0,0,0,0,0,0,5,0,0,0,0,0,0,0,0,0,0,0.5,0,0,0,0.5,0,0,0,0,0,0,0,0,0,0,0,0,0,0,0,0,0,0,0.5,0,0,0,0,0,0,0,10,0,0,0,20,0,0,0,0,0,0,0,35,0,0
far,10,BT-10,BT,1698.4,5,9,1,0,0,0,0,0,0,0,0,0,0,0,0,0,0,0,0,0,0,0,0,0,0,0,0,0,0,0,0,0,0,0,0,0.5,0,0,5,0,0.5,0,0,0,0,0,0,0,0,0,0,0,0,0,30,0,0,0,15,0,0,0,0,0,0,80,0,0,0
far,10,BT-10,BT,1698.4,5,9,2,0,0,0,0,0,0,0,0,0,0,0,0,0,0,0,0,0,0,0,0,0.5,0,0,0,0,0,0,0,0,0,0,0,0,0.5,0,1,0,0,0,0,0,0,0,0,0,0,0,0,1,0,0,25,0,0,0,10,0,0,0,0,0,0,80,0,0,0
far,10,BT-10,BT,1698.4,5,9,3,0,0,0,0,0,0,0,0,0,0,0,0,0,0,0,0,0,0,0,0,0,0,0,0,0,0,0,0,0,0,0,0,1,1,0,1,0,0,0,0,0,0,0,0,0,0,0,0,5,0,0,15,0,0,0,20,0,0,0,0,0,0,60,0,0,0
far,10,BT-10,BT,1698.4,5,9,4,0,0.5,0,0,0,0,0,0,0,1,0,0,0,0,0,0,0.5,0,0,0,0,0,0,0,0,0,0,0,0,0,0,0,0,0,0,5,0,0,0,0,0,0,0,0,0,0,0,0,0,0,0.5,10,0,0,0,30,0,0,0,0,0,0,60,0,0,0
far,10,BT-10,BT,1698.4,5,9,5,0,5,0,0,0,0,0,0.5,0,5,0.5,0,0,0,0,0,0.5,0,0,0,0,0,0,0,0,0,0,0,0,0,0,0,0,0,0,5,0,0,0,0,0,0,0,0,0,0,0,0,0,0,0,5,0,0,0,20,0,0,0,0,0,0,0,0,0,0
far,10,BT-10,BT,1698.4,5,9,6,0,0.5,0,0,0,0,0,0,0,1,1,0,0,0,0,0,0.5,0,0,0,0,0,0,0,0,0,0,0,0,0,0,0,0,0,0,0.5,0,0,0,0,0,0,0,0,0,0,0,0,0,0,0,35,0,0,0,15,0,0,0,0,0,0,70,0,0,0
far,10,BT-10,BT,1698.4,5,9,7,0,0,0,0,0,0,0,0,0,0.5,0,0,0,0,0,0,0,0,0,0,0,0,0,0,0,0,0,0,0,0.5,0,0,0,0,0,0.5,0,0,0,0,0,0,0,0,0,0,0,0.5,0,0,0,45,0,0,0,1,0,0,0,0,0,0,80,0,0,0
far,10,BT-10,BT,1698.4,5,9,8,0,0,0,0,0,0,0,0,0,1,0,0,0,0,0,0,0,0,0,0,0,0,0,0,0.5,0,0,0,0,1,0,0,0,0,0,1,0,0,0,0,0,0,0,0,0,0,0,1,0,0,0,40,0,0,0,5,0,0,0,0,0,0,70,0,0,0
far,10,BT-10,BT,1698.4,5,9,9,0,0,0,0,0,0,0,0,0,1,0,0,0,0,0,0,0,0,0,0,0,0,0,0,0,0,0,0,0,0,0,0,0,0,0,10,0,0,0,0,0,0,0,0,0,0,0,0,0,0,0,30,0,0,0,15,0,0,0,0,0,0,60,0,0,0
far,10,BT-10,BT,1698.4,5,9,10,0,0,0,0,0,0,0,0,0,1,0,0,0,0,0,0,0,0,0,0,0,0,0,0,0,0,0,0,0,0,0,0,0,0,0,1,0,0,0,0,0,0,0,0,0,0,0,0,0,0,0,10,0,0,0,5,0,0,0,0,0,0,70,0,0,0
near,11,BT-11,BT,1723.8,6,6,1,0,0,0,0,0,0,0,0,0,0.5,0,0,0,0,0,0,0,0,0,0,0,0,0,0,0.5,0,0,0,0,0,0,5,0,0,0,0,0,0,0,0,0,0,0,0,0,0,0,0,0,0,0,10,0,0,0,50,0,0,0,0,0,0,1,5,0,0
near,11,BT-11,BT,1723.8,6,6,2,0,0,0,0,0,0,0,0,0,0,0.5,0,0,0,0,0,0,0,0,0,0,0,0,0,0,0,0,0,0,0,0,5,0,0,0,0,0,0,0,0,0,0,0,0,0,0,0,0,0,0,0,20,0,0,0,30,0,0,0,0,0,0,5,10,0,0
near,11,BT-11,BT,1723.8,6,6,3,0,0,0,0,0,0,0,0,0,0,0,0,0,0,0,0,0.5,0,0,0,0,0.5,0,0,0,0,0,0,0,0,0,0,0,0,0,0,0,0,0,0,0,0,0,0,0,0,0,0,0,0,0,15,0,0,0,25,0,0,0,0,0,0,10,20,0,0
near,11,BT-11,BT,1723.8,6,6,4,0,0,0,0,0,0,0,0,0,0,0,0,0,0,0,0,0.5,0,0,0,0,0.5,0,0,0.5,0,0,0,0,0,0,0,0,0,0,0,0,0,0,0,0,0,0,0,0,0,0,0,0,0,0,5,0,0,0,25,0,0,0,0,0,0,1,60,0,0
near,11,BT-11,BT,1723.8,6,6,5,0,0,0,0,0,0,0,0,0,0,0,0,0,0,0,0,0,0,0,0,0,0,0,0,0,0,0,0,0,0,0,0,0,0,0,0,0,0,0,0,0,0,0,0,0,0,0,0,0,0,0,5,0,0,0,0,0,0,0,0,0,0,1,80,10,10
near,11,BT-11,BT,1723.8,6,6,6,0,0,0,0,0,0,0,0,0,0,0,0,0,0,0,0,0,0,0,0,0,0,0,0,1,0,0,0,0,0,0,0,0,0,0,0,0,0,0,0,0,0,0,0,0,0,0,0,0,0,0,10,0,0,0,5,0,0,0,0,0,0,0.5,5,70,70
near,11,BT-11,BT,1723.8,6,6,7,0,0,0,0,0,0,0,0,0,0,0,0,0,0,0,0,0,0,0,0,0,0,0,0,0,0,0,0,0,0,0,0,0,0,0,0,0,0,0,0,0,0,0,0,0,0,0,0,0,0,0,5,0,0,0,10,0,0,0,25,0,0,1,30,40,40
near,11,BT-11,BT,1723.8,6,6,8,0,0,0,0,0,0,0,0,0,0,0,0,0,0,0,0,0,0,0,0,0,0,0,0,0,0,0,0,0,0,0,0,0,0,0,0,0,0,0,0,0,0,0,0,0,0,0,0,0,0,0,5,0,0,0,5,0,0,0,1,0,0,10,50,5,5
near,11,BT-11,BT,1723.8,6,6,9,0,0,0,0,0,0,0,0,0,0,0,0,0,0,0,0,0,0,0,0,0,0.5,0,0,0,0,0,0,0,0,0,0,0,0,0,0,0,0,0,0,0,0,0,0,0,0,0,0,0,0,0,5,0,0,0,5,0,0,0,0,0,0,20,70,10,10
near,11,BT-11,BT,1723.8,6,6,10,0,0,0,0,0,0,0.5,0,0,0,0,0,0,0,0,0,1,0,0,0,0,0,0,0,0,0,0,0,0,0,10,0,0,0,0,0,0,0,0,0,0,0,0,0,0,0,0,0,0,0,0,40,0,0,0,0,0,0,0,70,0,0,80,5,0,0
far,12,BT-12,BT,1722,6,17,1,0,0,0,0,0,0,0.5,0,0,0,0,0,0,0,0,0,0,0,0,0,0,0.5,0,0,0,0,0,0,0,0,0,0,0,0,0,0,0,0,0,0,0,0,0,0,0,0,0,0,0,0,0,10,0,0,0,15,0,0,0,0,0,0,70,0,0,0
far,12,BT-12,BT,1722,6,17,2,0,0,0,0,0,0,0,0,0,0,0,0,0,0,0,0,10,0,0,0,0,0,0,0,0,0,0,0,0,0,0,0,0,0,0,0,0,0,0,0,0,0,0,0,0,0,0,0,0,0,0,25,0,0,0,40,0,0,0,0,0,0,25,0,0,0
far,12,BT-12,BT,1722,6,17,3,0,0,0,0,0,0,0,0,0,0,0,0,0,0,0,0,0,0,0,0,0,0,0,0,0,0,0,0,0,0,0,0,0,0,0,0,0,0,0,0,0,0,0,0,0,0,0,0,0,0,0,20,0,0,0,60,0,0,0,5,0,0,20,0,0,0
far,12,BT-12,BT,1722,6,17,4,0,5,0,0,0,0,0,0,0,0,0,0,0,0,0,0,0,0,0,0,0,0,0,0,0,0,0,0,0,0,0,0,0,0,0,0,0,0,0,0,0,0,0,0,0,0,0,0,0,0,0,20,0,0,0,80,0,0,0,5,0,0,15,0,0,0
far,12,BT-12,BT,1722,6,17,5,0,0,0,0,0,0,0.5,0,0,0,20,0,0,0,0,0,0,0,0,0.5,0,0,0,0,0.5,0,0,0,0,0,0,0,0,0,0,0,0,0,0,0,0,0,0,0,0,0,0,0,0,0,0,15,0,0,0,25,0,0,0,0,0,0,60,0,0,0
far,12,BT-12,BT,1722,6,17,6,0,1,0,0,0,0,0,0,0,0,5,0,0,0,0,0,5,0,0,0,0,0.5,0,0,0.5,0,0,0,0,0,0,0,0,0,0,0,0,0,0,0,0,0,0,0,0,0,0,0,0,0,0,30,0,0,0,0,0,0,0,10,0,0,45,0,0,0
far,12,BT-12,BT,1722,6,17,7,0,1,0,0,0,0,0,0,0,0,1,0,0,0,0,0,15,0,0,0,0,0,0,0,0,0,0,0,0,0,0,0,0,0,0,0,0,0,0,0,0,0,0,0,0,0,0,0,0,0,0,45,0,0,0,0,0,0,0,20,0,0,15,0,0,0
far,12,BT-12,BT,1722,6,17,8,0,1,0,0,0,0,0,0,0,0,0,0,0,0,0,0,10,0,0,0,0,0,0,0,0,0,0,0,0,0,0,0,0,0,0,0,0,0,0,0,0,0,0,0,0,0,0,0,0,0,0,15,0,0,0,0,0,0,0,80,0,0,10,0,0,0
far,12,BT-12,BT,1722,6,17,9,0,0,0,0,0,0,0,0,0,0,5,0,0,0,0,0,0,0,0,0,0,0,0,0,0,0,0,0,0,0,0,0,0,0,0,0,0,0,0,0,0,0,0,0,0,0,0,0,0,0,0,60,0,0,0,0,0,0,0,60,0,0,15,0,0,0
far,12,BT-12,BT,1722,6,17,10,0,0,0,0,0,0,0,0,0,0,0,0,0,0,0,0,0,0,0,0,0,0.5,0,0,0,0,0,0,0,0,0,0,0,0,0,0,0,0,0,0,0,0,0,0,0,0,0,0,0,0,0,40,0,0,0,0,0,0,0,60,0,0,10,0,0,0
near,13,BT-13,BT,1740.2,7,12,1,0,0.5,0,0,0,0,0.5,0,0,10,1,0,0,0,0,0,0,0,0,0,0,0,0,0,5,0,0,0,0,0,0,0,0,0,0,0,0,0,0,0,0,0.5,0,0,0,0,0,0,0,0,0,10,0,0,0,0,0,0,0,0,0,0,0,70,0,0
near,13,BT-13,BT,1740.2,7,12,2,0,1,0,0,0,0,1,0,0,10,0,0,0,0,0,0,0,0,0,0,0,0,0,0,1,0,0,0,0,0,0,0,0,0,0,0,0.5,0,0,0,0,0,0.5,0,1,0,0,0,0,0,0,5,0,0,0,0,0,0,0,0.5,0,0,0,90,0,0
near,13,BT-13,BT,1740.2,7,12,3,0,0,0,0,0,0,0.5,0,0,10,0.5,0,0,0,0,0,0,0,0,0,0,0,0,0,1,0,0,0,0,0,0,0,0,0,0,0,0,0.5,0,0,0,0,0,0,0.5,0,0,0,0,0,0,15,0,0,0,0,0,0,0,0,0,0,0,70,0,0
near,13,BT-13,BT,1740.2,7,12,4,0,0,0,0,0,0,0.5,0,0,15,5,0,0,0,0,0,1,0,0,0,0,0,0,0,5,0,0,0.5,0,0,0,0,0,0,0,0,0,0,0,0,0,0,0,0,0,0,0,0,0,0,0,15,0,0,0,0,0,0,0,0,0,0,0,35,0,0
near,13,BT-13,BT,1740.2,7,12,5,0,0,0,0,0,0,0.5,0,0,15,0.5,0,0,0,0,0,0,0,0,0,0,0,0,0,5,0,0,0,0,0,0,0,0,0,0,0,0,0,0,0,0,0,0,0,0,0,0,0,0,0,0,15,0,0,0,0,0,0,0,0.5,0,0,10,25,0,0
near,13,BT-13,BT,1740.2,7,12,6,0,0.5,0,0,0,0,0,0,0,30,5,0,0,0,0,0,0,0,0,0,0,0,0,0,0,0,0,0,0,0,0,0,0,0,0,0,0,0,0,0,0,0,0,0,0.5,0,0,0,0,0,0,15,60,0,0,0,0,0,0,30,0,0,0,45,0,0
near,13,BT-13,BT,1740.2,7,12,7,0,1,0,0,0,0,0,0,0,35,5,0,0,0,0,0,0,0,0,0,0,0,0,0,1,0,0,0,0,0,0,0,0,0,0,0,0,0,0,0,0,0,0,0,0,0,0,0,0,0,0,15,0.5,0,0,0,0,0,0,10,0,0,0,20,0,0
near,13,BT-13,BT,1740.2,7,12,8,0,1,0,0,0,0,0,0,0,10,0,0,0,0,0,0,0,0,0,0,0,0,0,0,0.5,0,0,0.5,0,0,0,0,0,0,0,0,0,0,0,0,0,0,0,0.5,0,0,0,0,0,0,0,5,30,0,0,0,0,0,0,5,0,0,0,50,0,0
near,13,BT-13,BT,1740.2,7,12,9,0,5,0,0,0,0,0,0,0,1,1,0,0,0,0,0,1,0,0,0,0,0,0,0,1,0,0,0,0,0,0,0,0,0,0,0,0,0,0,0,0,0,0,0,0,0,0,0,0,0,0,5,70,0,0,0,0,0,0,1,0,0,0,20,0,0
near,13,BT-13,BT,1740.2,7,12,10,0,10,0,0,0,0,0.5,0,0,5,0.5,0,0,0,0,0,5,0,0,0.5,0,0,0,0,0.5,0,0,0,0,0,0,0,0,0,0,0,0,0,0,0,0,0,0,0,0.5,0,0,0,0,0,0,30,45,0,0,0,0,0,0,35,0,0,0,15,0,0
far,14,BT-14,BT,1742.7,7,21,1,0,1,0,0,0,0,0.5,0,0,1,10,0,0,0,0,0,5,0,0,0,0,0,0,0,0,0,0,0,0,5,0,0,0,0,0,1,0,0,1,0,0,0,0,0,0.5,0,0,5,0,0,0,1,25,5,0,0.5,0,0,0,15,0,0,25,0,0,0
far,14,BT-14,BT,1742.7,7,21,2,0,1,0,0,0,0,0,0,0,0,0.5,0,0,0,0,0,0,0,0,0,0,0,0,0,0.5,0,0,0,0,0,0,0,0,0,0,0,0,0,0,0,0,0,0,0,0,0,0,0,0,0,0,1,50,0,0,50,0,0,0,0,0,0,0,0,0,0
far,14,BT-14,BT,1742.7,7,21,3,0,1,0,0,0,0,0,0,0,0,0,0,0,0,0,0,1,0,0,0,0,0,0,0,0,0,0,0,0,0,0,0,0,0,0,0,0,0,0,0,0,0,0,0,0,0,0,0,0,0,0,1,1,0,0,90,0,0,0,0,0,0,0,0,0,0
far,14,BT-14,BT,1742.7,7,21,4,0,0.5,0,0,0,0,0,0.5,0,1,0.5,0,0,0,0,0,1,0,0,0,0,0,0,0,0,0,0,0,0,0,0,0,0,0,0,1,0,0,0,0,0,0,0,0,0,0,0,1,1,0,0,5,15,0,0,25,0,0,0,0,0,0,10,10,0,0
far,14,BT-14,BT,1742.7,7,21,5,0,0.5,0,0,0,0,0,0,0,1,0.5,0,0,0,0,0,5,0,0,0,0,0,0,0,0,0,0,0,0,0,0,0,0,0,0,0,0,0,0,0,0,0,0,0,0,0,0,0,0,0,0,1,70,0,0,0,0,0,0,0,0,0,10,5,0,0
far,14,BT-14,BT,1742.7,7,21,6,0,0.5,0,0,0,0,0,0,0,1,1,0,0,0,0,0,1,0,0,0,0,0,0,0,0.5,0,0,0.5,0,0,0,0,0,0,0,0,0,0,0,0,0,0,0,0,0,0,0,0,0,0,0,5,70,0,0,0,0,0,0,0.5,0,0,5,5,0,0
far,14,BT-14,BT,1742.7,7,21,7,0,0.5,0,0,0,0,0,0,0,1,1,0,0,0,0,0,0,0,0,0,0,0,0,0,0.5,0,0,0.5,0,0,0,0,0,0,0,0,0,0,0,0,1,0,0,0,1,0,0,0,0,0,0,15,40,0,0,0,0,0,0,5,0,0,10,10,0,0
far,14,BT-14,BT,1742.7,7,21,8,0,0.5,0,0,0,0,0,0.5,0,0.5,0.5,0,0,0,0,0,10,0,0,0,0,0,0,0,0.5,0,0,0,0,0,0,0,0,0,0,0,0,0,1,0,0,0,0,1,0.5,0,0,0,0,0,0,10,10,0,0,0,0,0,0,1,0,0,0,10,0,0
far,14,BT-14,BT,1742.7,7,21,9,0,0,0,0,0,0,0,0.5,0,5,0.5,0,0,0,0,0,0,0,0,0.5,0,0.5,0,0,0,0,0,0,0,0,0,0,0,0,0,0,0,1,0,0,0,0,0,0,0.5,0,0,0,0,0,0,25,0,0,0,0,0,0,0,10,0,0,35,0,0,0
far,14,BT-14,BT,1742.7,7,21,10,0,0,0,0,0,0,0,0.5,0,1,1,0,0,0,0,0,0,0,0,0.5,0,0.5,0,0,0,0,0,0.5,0,0,0,0,1,0,0,0,0,0,0,0,0,0,0,0,0.5,0,0,0,0,0,0,20,10,0,0,0,0,0,0,10,0,0,30,10,0,0
near,15,BT-15,BT,1983.2,8,12,1,0,0,0,0,0,0,0,0,0,1,0,0,0,0,0,0,0,0,0,0,0,0,0,0,0,0,0,0,0,0,0,0,0,0,0,0,0,0,0,0,0,0,0,0,0,0,0,0,0,0,0,0,1,0,0,0,0,0,0,0,0,0,0,60,30,30
near,15,BT-15,BT,1983.2,8,12,2,0,0,0,0,0,0,0,0,0,0.5,0,0,0,0,0,0,0,0,0,0,0,0,0,0,0,0,0,0,0,0,0,0,0,0,0,0,0,0,0,0,0,0,0,0,0,0,0,0,0,0,0,0,1,0,0,0,0,0,0,0,0,0,5,50,35,35
near,15,BT-15,BT,1983.2,8,12,3,0,0,0,0,0,0,0,0,0,0,0,0,0,0,0,0,0,0,0,0,0,0,5,0,0,0,0,0,0,0,0,0,0,0,0,0,0,0,0,0,0,0,0,0,0,0,0,0,0,0,0,0,0,0,0,0,0.5,0,0,0,0,0,0,60,30,30
near,15,BT-15,BT,1983.2,8,12,4,0,0,0,0,0,0,0,0,0,1,0,0,0,0,0,0.5,0,0,0,0,0,0,0,0,0,0,0,0,0,0,0.5,0,0,0,0,0,0,0,0,0,0,0,0,0,0,0,0,0,0,0,0,0,0.5,0,0,0,0.5,0,0,0,0,0,0,20,60,60
near,15,BT-15,BT,1983.2,8,12,5,0,0,0,0,0,0,0,0,0,0,0,0,0,0,0,0,0,0,0,0,0,0,0,0,0,0,0,0,0,0,1,0,0,0,0,0,0,0,0,0,0,0,0,0,0,0,0,0,0,0,0,0,1,0,0,0,0,0,0,0,0,0,0,40,50,50
near,15,BT-15,BT,1983.2,8,12,6,0,0,0,0,0,0,0,0,0,1,0,0,0,0,0,0,0,0,0,0,0,0,0,0,0,0,0,0,0,0,0.5,0,0,0,0,0,0,0,0,0,0,0,0,0,0,0,0,0,0,0,0,0,0.5,0,0,0,0.5,0,0,0,0,0,0,20,80,80
near,15,BT-15,BT,1983.2,8,12,7,0,0,0,0,0,0,0,0,0,5,0,0,0,0,0,0,0,0,0,0,0,0,0,0,0,0,0,0,0,0,0,0,0,0,0,0,0,0,0,0,0,0,0,0,0,0,0,0,0,0,0,0,5,0,0,0,0.5,0,0,0,0,0,0,25,35,35
near,15,BT-15,BT,1983.2,8,12,8,0,0,0,0,0,0,0,0,0,0.5,0,0,0,0,0,0,0,0,0,0,0,0,0,0,0,0,0,0,0,0,0,0,0,0,0,0,0,0,0,0,0,0,0,0,0,0,0,0,0,0,0,0,1,0,0,0,5,0,0,0.5,0,0,0,40,25,25
near,15,BT-15,BT,1983.2,8,12,9,0,0,0,0,0,0,0,0,0,1,0,0,0,0,0,0,0,0,0,0,0,0,0,0,0,0,0,0,0,0,0,0,0,0,0,0,0,0,0,0,0,0,0,0,0,0,0,0,0,0,0,0,1,0,0,0,1,0,0,0,0,0,0,25,40,40
near,15,BT-15,BT,1983.2,8,12,10,0,0,0,0,0,0,0,0,0,0.5,0,0,0,0,0,0,0,0,0,0,0,0,0,0,0,0,0,0,0,0,0,0,0,0,0,0,0,0,0,0,0,0,0,0,0,0,0,0,0,0,0,0,0,0,0,0,0,0,0,0,0,0,0,60,30,30
far,16,BT-16,BT,1983.1,8,25,1,0,0,0,0,0,0,0,0,0,5,0,0,0,0,0,0,0,0,0,0,0,0,0,0,0,0,0,0,0,0,0,0,0,0,0,0,0,0,0,0,1,0,0,0,0,0,0,1,0,0,0,0,25,0,0,0,0,10,0,25,0,0,25,0,20,20
far,16,BT-16,BT,1983.1,8,25,2,0,0,0,0,0,0,0,0,0,0.5,0,0,0,0,0,0.5,0,0,0,0,0,0,0,0,0,0,0,0,0,0,1,0.5,0,0,0,0,0,0,0,0,0,0,0,0,0,0,0,0,0,0,0,0,30,0,0,0,10,1,0,50,0,0,10,0,25,25
far,16,BT-16,BT,1983.1,8,25,3,0,0,0,0,0,0,0,0,0,0.5,0,0,0,0,1,0.5,0,0,0,0,0,0,0,0,0,0,0,0,0,0,0.5,0,0,0,0,0,0,0,0,0,0,0,0,0,0,0,0,0,0,0,0,0,0,0,0,0,5,0,0,10,0,0,5,0,90,90
far,16,BT-16,BT,1983.1,8,25,4,0,0,0,0,0,0,0,0,0,0.5,0,0,0,0,0,0.5,0,0,0,0,0,0,0,0,0,0,0,0,0,0,5,0,0,0,0,0,0,0,0,0,0,0,0,0,0,0,0,0,0,0,0,0,0,0,0,0,10,0,0,0,0,0,0,20,35,35
far,16,BT-16,BT,1983.1,8,25,5,0,0,0,0,0,0,0,0,0,0.5,0,0,0,0,0,0,0,0,0,0,0,0,0,0,0,0,0,0,0,0,5,0,0,0,0,0,0,0,0,0,0,0,0,0,0,0,0,0,0,0,0,0,0,0,0,0,25,0,0,1,0,0,0,0,50,50
far,16,BT-16,BT,1983.1,8,25,6,0,0,0,0,0,0,0,0,0,0,0,0,0,0,0,0,0,0,0,0,0,0,0,0,0,0,0,0,0,0,0.5,0.5,0,0,0,0,0,0,0,0,0,0,0,0,0,0,0,0,0,0,0,0,0,0,0,0,0.5,0,0,0,0,0,0,0,95,95
far,16,BT-16,BT,1983.1,8,25,7,0,0,0,0,0,0,0,0,0,0,0,0,0,0,0,0,0,0,0,0,0,0,0,0,0,0,0,0,0,0,0,0,0,0,0,0,0,0,0,0,0,0,0,0,0,0,0,0,0,0,0,0,0,0,0,0,5,0,0,50,0,0,1,0,60,60
far,16,BT-16,BT,1983.1,8,25,8,0,0,0,0,0,0,0,0,0,0,0,0,0,0,0,0,0,0,0,0,0,0,0,0,0,0,0,0,0,0,5,0,0,0,0,0,0,0,0,0,0,0,0,0,0,0,0,0,0,0,0,0,0,0,0,0,15,0,0,0,0,0,0,50,25,25
far,16,BT-16,BT,1983.1,8,25,9,0,0,0,0,0,0,0,0,0,0,0,0,0,0,0,0.5,0,0,0,0,0,0,0,0,0,0,0,0,0,0,0.5,0,0,0,0,0,0,0,0,0,0,0,0,0,0,0,0,0,0,0,0,0,0,0,0,0,10,0,0,0,0,0,0,40,35,35
far,16,BT-16,BT,1983.1,8,25,10,0,0,0,0,0,0,0,0,0,0,0,0,0,0,0,0,0,0,0,0,0,0,0,0,0,0,0,0,0,0,0.5,0,0,0,0,0,0,0,0,0,0,0,0,0,0,0,0,0,0,0,0,0,0,0,0,0,30,0,0,0.5,0,0,0,20,25,25
near,17,PR-17,PR,1769.9,9,9,1,0,0,0,0,0.5,0,0,0.5,0,10,0,0,0,0,0,0,0,0,0,0,0,0,0,0.5,0.5,0,0.5,0,0,0,0,0,0,0,0,0,0,0,0,0,0,0,0,0,0,0,0,0,0,0,0,0,5,0,0,0,0,0,0,0.5,0,0,0,90,0,0
near,17,PR-17,PR,1769.9,9,9,2,0,0,0,0,0,0,0,0,0,5,0,0,0,0,0,0,0,0,0,0,0,0,0,0,0,0,0,0,0,0,0,0,0,0,0,0,0,0,0,0,0,0,0,0,0,0,0,0,0,0,0,0,0,0,0,0,0,0,0,0,0,0,0,90,0,0
near,17,PR-17,PR,1769.9,9,9,3,0,0,0,0,0,0,0,0,0,0,0,0,0,0,0,0,0,0,0,0,0,0,0,0,0,0,0,0,0,0,0,0,0,0,0,0,0,0,0,0,0,0,0,0,0,0,0,0,0,0,0,0,0,0,0,0,0,0,0,0.5,0,0,0,100,0,0
near,17,PR-17,PR,1769.9,9,9,4,0,0,0,0,0,0,0,0,0,10,0,0.5,0,0,0,0,0,0,0,0,0,0,0,0,0,0,0,0,0,0,0,0,0,0,0,0,0,0,0,0,0,0,0,0,0,0,0,0,0,0,0,0,0,0,0,0,0,0,0,0,0,0,0,90,0,0
near,17,PR-17,PR,1769.9,9,9,5,0,0,0,0,0,0,0,0.5,0,5,0,0,0,0,0,0,0,0,0,0,0,0,0,10,0,0,0,0.5,0,0,5,0,0,0,0,0,0,0,0,0,0,0,0,0,0,0,0,0,0,0,0,0,1,0,0,0,0,0,0,0,0,0,0,80,0,0
near,17,PR-17,PR,1769.9,9,9,6,0,0,0,0,0,0,0,1,0,10,0,0,0,0.5,0,0,0,0,0,0,0,0,0,1,5,0,0,0,0,0,0,0,0,0,0,0,0,0,0,0,0,0,0,0,0,0,0,0,0,0,0,0,0,0,0,0,0,0,0,0,0,0,0,70,0,0
near,17,PR-17,PR,1769.9,9,9,7,0,0,0,0,0,0,0,1,0,15,0,0,0,0,0,0,0,0,0,0,0,0,0,0,25,0,0,0,0,0,0,0,0,0,0,0,0,0,0,0,0,0,0,0,0,0,0,0,0,0,0,0,5,0,0,0,0,0,0,0,0,0,0,35,0,0
near,17,PR-17,PR,1769.9,9,9,8,0,0,0,0,15,0,0,0.5,0,10,0,0,0,0,0,0,0,0,0,0,0,0,0,5,5,0,0,0.5,0,0,0,0,0,0,0,0,0,0,0,0,0,0,0,0,0,0,0,0,0,0,0,0,45,0,0,0,0,0,0,0,0,5,0,20,0,5
near,17,PR-17,PR,1769.9,9,9,9,0,0,0,0,5,0,0,0,0,40,0,0,0,0,0,0,0,0,0,0,0,0,0,5,1,0,0,1,0,0,0,0,0,0,0,0,0,0,0,0,0,0,0,0,0,0,0,0,0,0,0,0,0,0,0,0,0,0,0,0,0,0,0,50,0,0
near,17,PR-17,PR,1769.9,9,9,10,0,0,0,0,0,0,0,0,0,1,0,0,0,0,0,0,0,0,0,0,0,0,0,0,0,0,0,0,0,0,0,0,0,0,0,0,0,0,0,0,0,0,0,0,0,0,0,0,0,0,0,0,0,0,0,0,0,0,0,0,0,0,0,95,0,0
far,18,PR-18,PR,1769.9,9,9,1,0,0,0.5,0,20,0.5,0,0.5,0,1,0,0,0,0.5,0,0,0.5,0,0,0,0,0,0,0.5,0,0,0.5,0,0,0,15,0,0,0,0,0,0,0,0,0,0,0,0,0,0,0,0,0,0,0,0,0,5,0,0,1,5,0,0,0.5,0,5,1,0,0,5
far,18,PR-18,PR,1769.9,9,9,2,0,0,0,0,0,0.5,0,0.5,0,5,0,0,0,0,0,0,0,0,0,0,0,0,0,0.5,0,0,0.5,0,0,0,15,0,0,0,0,0,0,0,0,0,0,0,0,0,0,0,0,0,0,0,0,0,30,0,0,5,0,0,0,0.5,0,1,5,0,0,1
far,18,PR-18,PR,1769.9,9,9,3,0,0,0,0,0,0,0,0.5,0,5,0,0,0,0,0,0,0,0,0,0,0,0,0,0.5,0,0,0.5,0,0,0,35,0,0,0,0,0,0,0,0,0,0,0,0,0,0.5,0,0,0,0,0,0,0,20,0,0,5,0,0,0,0,0,1,1,0,0,1
far,18,PR-18,PR,1769.9,9,9,4,1,0.5,1,0.5,0,0.5,0.5,0.5,0,0.5,0,0,0,1,0,0,0,0,0,0,0.5,0,0,0.5,0.5,0,0.5,0.5,0,0,15,0,0,0,0,0,0,0,0,0,0,0,0,0,0.5,0,0,0,0,0,0,0,5,0,0,15,0,0,0,0.5,0,1,0.5,0,0,1
far,18,PR-18,PR,1769.9,9,9,5,0.5,0,1,0.5,0,0.5,1,1,0,1,0,0,0,5,0,0,1,0.5,0,0,0.5,0,0,0.5,0.5,0,0.5,0.5,0,0,30,0,0,0,0,0,0,0,0,0,0,0,0,0,0.5,0,0,0,0,0,0,0,5,0,0,0,0,0,0,0.5,0,10,0,0,0,10
far,18,PR-18,PR,1769.9,9,9,6,0,0.5,1,1,0,0.5,0,1,0,5,0,0,0,5,0,0,1,0.5,0,0,0,0,0,0.5,0.5,0,0.5,0,0,0,0.5,1,0,0,0,0,0,0,0,0,0,0,0,0,0.5,0,0,0,0,0,0,0,10,0,0,10,0,0,0,0,0,5,0,0,0,5
far,18,PR-18,PR,1769.9,9,9,7,0.5,0,10,0,0,0,0,1,0,10,0,0,0,5,0,0,0,0,0,0,0,0,0,0,0.5,0,0,0,0,0,0,0,0,0,0,0,0,0,0,0,0,0,0,0,0,0,0,0,0,0,0,0,70,0,0,15,0,0,0,0,0,0,5,0,0,0
far,18,PR-18,PR,1769.9,9,9,8,0,0,5,1,0,0,0,0.5,0,15,0,0,0,1,0,0,0,0,0,0,0,0,0,0,0,0,0,0,0,0,5,0,0,0,0,0,0,0,0,0,0,0,0,0,0,0,0,0,0,0,0,0,90,0,0,0,0,0,0,0,0,0,1,0,0,0
far,18,PR-18,PR,1769.9,9,9,9,0,0,0,0,0,0,0,0.5,0,35,0,0,0,0,0,0,0,0,0,0,0,0,0,0,0.5,0,0,0,0,0,15,0,0,0,0,0,0,0,0,0,0,0,0,0,0,0,0,0,0,0,0,0,40,0,0,15,5,0,0,0,0,0,1,0,0,0
far,18,PR-18,PR,1769.9,9,9,10,0,1,0,0,0,0,0,0.5,0,15,0,0,0,0,0,0,0,0,0,0,0,0,0,0,0,0,0,0,0,0,5,0,0,0,0,0,0,0,0,0,0,0,0,0,0,0,0,0,0,0,0,0,30,0,0,15,10,0,0,0.5,0,0,5,0,0,0
near,19,PR-19,PR,1758.7,10,2,1,0,0,0,0,0,0,0,0.5,0,1,0,0,0,0,0,0,0,0,0,0,0,0,0,5,0,0,1,0,0,0,0.5,0,0,0,0,0,0,0,0,0,0,0,0,0,0,0,0,0,0,0,0,0.5,0,0,0,0.5,0,0,0,0,0,0,10,80,0,0
near,19,PR-19,PR,1758.7,10,2,2,0,0,0,0,0,0,0.5,1,0,15,0,0,0,0,0,0,0,0,0,0,0.5,0,0,1,0,0,0.5,0,0,0,0.5,0,0,0,0,0,0,0,0,0,0,0,0,0,0,0,0,0,0,0,0,5,1,0,0.5,0,0,0,0,0,0,0,5,35,10,10
near,19,PR-19,PR,1758.7,10,2,3,0,0,0,0,0,0,0.5,1,0,45,0,0,0,0,0,0,0,0,0,0,0.5,0,0,1,0,0,0.5,0,0,0,0.5,0,0,0,0,0,0,0,0,0,0,0,0,0,0,0,0,0,0,0,0,5,1,0,0.5,5,0,0,0,0,0,0,1,10,0,0
near,19,PR-19,PR,1758.7,10,2,4,0,0,0,0,0,0,0,0.5,0,20,0,0,0,0,0,0,0,0,0,0,0.5,0,0,5,10,0,1,0,0,0,0,0,0,0,0,0,0,0,0,0,0,0,0,0,0,0,0,0,0,0,0,5,5,0,0,15,0,0,0,0,0,0,0.5,15,0,0
near,19,PR-19,PR,1758.7,10,2,5,0,0,0,0,0,0,0,1,0,5,0,0,0,0,0,0,0,0,0,0,1,0,0,10,5,0,1,0,0,0,0.5,0,0,0,0,0,0,0,0,0,0,0,0,0,0.5,0,0,0,0,0,0,0.5,0.5,0,0,0,0,0,0,0,0,0,1,20,0,0
near,19,PR-19,PR,1758.7,10,2,6,0,0,0,0,0,0,0,0.5,0,1,0,0,0,0,0,0,0,0,0,0,0.5,0,0,10,0,0,5,0,0,0,0.5,0,0,0,0,0,0,0,0,0,0,0,0,0,0,0,0,0,0,0,0,0,0,0,0,0,0,0,0,0,0,0,5,35,0,0
near,19,PR-19,PR,1758.7,10,2,7,1,0,0,0,0,0,0,0.5,0,0.5,0,0,0,0,0,0,0,0,0,0,0.5,0,0,10,0,0,0.5,0,0,0,5,0,0,0,0,0,0,0,0,0,0,0,0,0,0,0,0,0,0,0,0,0,0.5,0,0.5,0,0,0,0,0,0,0,1,60,0,0
near,19,PR-19,PR,1758.7,10,2,8,5,0,0,0,0,0,0,0.5,0,1,0,0,0,0,0,0,0,0,0,0,0.5,0,0,5,0,0,0.5,0,0,0,1,0,0,0,0,0,0,0,0,0,0,0,0,0,0,0,0,0,0,0,0,0,0.5,0,0,0,0,0,0,0,0,0,5,15,0,0
near,19,PR-19,PR,1758.7,10,2,9,15,0,1,0,0,0,0.5,0,0,5,0,0,0,0,0,0,0,0,0,0,0.5,0,0,1,0,0,0.5,0,0,0,5,1,0,0,0,0,0,0,0,0,0,0,0,0,0.5,0,0,0,0,0,0,0,0,0,0,0,0,0,0,0,0,0,0.5,15,0,0
near,19,PR-19,PR,1758.7,10,2,10,1,0,0.5,0,0,0,0.5,0,0,1,0,0,0,0,0,0,0,0,0,0,0,0,0,10,1,0,1,0,0,0,1,0,0,0,0,0,0,0,0,0,0,0,0,0,0,0,0,0,0,0,0,0,0.5,0,0,0,0,0,0,0,0,0,0.5,20,0,0
far,20,PR-20,PR,1758.3,10,2,1,0,0,0,0,60,0,0.5,0.5,0,15,0,0,0,0,0,0,0,0,0,0,1,0,0,0,0,0,0,0,0,0,15,0,0,0,0,0,0,0,0,0,0,0,0,0,0,0,0,0,0,0,0,40,25,0,5,10,0,0,0,0.5,0,0,0,1,0,0
far,20,PR-20,PR,1758.3,10,2,2,0,0,0,0,40,0,0.5,0.5,0,15,0,0,0,0,0,0,0,0,0,0,0.5,0,0,0,0,0,0,0,0,0,10,0,0,0,0,0,0,0,0,0,0,0,0,0,0,0,0,0,0,0,0,30,25,0,5,5,0,0,0,0,0,0,0,15,0,0
far,20,PR-20,PR,1758.3,10,2,3,0,0,0,0,35,0,0.5,0,0,10,0,0,0,0,0,0,0,0,0,0,0.5,0,0,0,0,0,0,0.5,0,0,5,0,0,0,0,0,0,0,0,0,0,0,0,0,0,0,0,0,0,0,0,40,20,0,1,5,0,0,0,0,0,0,15,0,0,0
far,20,PR-20,PR,1758.3,10,2,4,0,0,0,0,20,0,0,0.5,0,10,0,0,0,0,0,0,0,0,0,0,0.5,0,0,0,0,0,0,1,0,0,15,0,0,0,0,0,0,0,0,0,0,0,0,0,0,0,0,0,0,0,0,20,15,0,5,5,0,0,0,0,0,50,0,0,0,50
far,20,PR-20,PR,1758.3,10,2,5,0,0,0,0,45,0,0.5,0.5,0,15,0,0,0,0,0,0,0,0,0,0,0.5,0,0,0.5,0,0,0,0,0,0,10,0,0,0,0,0,0,0,0,0,0,0,0,0,0,0,0,0,0,0,0,35,15,0,10,25,0,0,0,0,0,10,0,0,0,10
far,20,PR-20,PR,1758.3,10,2,6,0,0,0,0,0,0,0,0.5,0,15,0,0,0,0,0,0,0,0,0,0,0.5,0,0,5,0.5,0,0,0,0,0,25,0,0,0,0,0,0,0,0,0,0,0,0,0,0,0,0,0,0,0,0,35,20,0,10,15,0,0,0,0,0,0,0,5,0,0
far,20,PR-20,PR,1758.3,10,2,7,0,0,0,0,0,0,0.5,0.5,0,25,0,0,0,0,0,0,0,0,0,0,0.5,0,0,1,0.5,0,0,0,0,0,20,0,0,0,0,0,0,0,0,0,0,0,0,0,0,0,0,0,0,0,0,30,25,0,10,0,0,0,0,0,0,0,0,5,0,0
far,20,PR-20,PR,1758.3,10,2,8,0,0,0,0,0,0,0.5,0.5,0,20,0,0,0.5,0,0,0,0,0,0,0,0,0,0,15,0.5,0,0,0.5,0,0,15,0,0,0,0,0,0,0,0,0,0,0,0,0,0,0,0,0,0,0,0,20,25,0,5,5,0,0,0,0,0,10,0,0,0,10
far,20,PR-20,PR,1758.3,10,2,9,0,0,0,0,0,0,0.5,0.5,0,40,0,0,0,0,0,0,0,0,0,0,1,0,0,10,5,0,0,0,0,0,5,0,0,0,0,0,0,0,0,0,0,0,0,0,0,0,0,0,0,0,0,5,45,0,0,0,0,0,0,0,0,5,0,0,0,5
far,20,PR-20,PR,1758.3,10,2,10,0,0,0,0,0,0,0.5,0.5,0,25,0,0,0,0,0,0,0,0,0,0,0,0,0,5,1,0,0,0,0,0,15,0,0,0,0,0,0,0,0,0,0,0,0,0,0,0,0,0,0,0,0,0,40,0,0,0,0,0,0,0.5,0,0,0,0,0,0
near,21,PR-21,PR,1765.6,11,5,1,0,0,0,0,0,0,0,0,0,1,0,0,0,0,0,0,0,0,0,0,0,0,0,35,1,0,0,0,0,0,0,0,0,0,0,0,0,0,0,0,0,0,0,0,0,0,0,0,0,0,0,0.5,0,0,0,0,0,0,0,0,0,0,0,50,0,0
near,21,PR-21,PR,1765.6,11,5,2,0,0,0,0,0,0,0,0,0,20,0,0,0,0,0,0,0,0,0,0,0,0,0,20,0.5,0,0,0,0,0,0,0,0,0,0,0,0,0,0,0,0,0,0,0,0,0,0,0,0,0,0,25,20,0,0,0,0,0,0,0,0,0,0,30,0,0
near,21,PR-21,PR,1765.6,11,5,3,0,0,0,0,0,0,0,0,0,1,0,0,0,0,0,0,0,0,0,0,0,0,0,10,5,0,0,5,0,0,0,0,0,0,0,0,0,0,0,0,0,0,0,0,0,0,0,0,0,0,0,1,0,0,0,0,0,0,0,0,0,0,0,45,0,0
near,21,PR-21,PR,1765.6,11,5,4,0,0,0,0,0,0,0,0,0,0.5,0,0,0,0,0,0,0,0,0,0,0,0,0,1,1,0,0,0.5,0,0,0,0,0,0,0,0,0,0,0,0,0,0,0,0,0,0,0,0,0,0,0,0.5,0,0,0,0,0,0,0,0,0,0,0,90,0,0
near,21,PR-21,PR,1765.6,11,5,5,0,0,0,0,0,0,0,0,0,1,0,0,0,0,0,0,0,0,0,0,0.5,0,0,0.5,1,0,0,0.5,0,0,0,0,0,0,0,0,0,0,0,0,0,0,0,0,0,0,0,0,0,0,0,0.5,1,0,0,0,0,0,0,0,0,0,0,90,0,0
near,21,PR-21,PR,1765.6,11,5,6,0,0,0,0,0,0,0,0,0,10,0,0,0,0,0,0,0,0,0,0,0,0,0,0.5,1,0,0,5,0,0,0,0,0,0,0,0,0,0,0,0,0,0,0,0,0,0,0,0,0,0,0,5,0,0,0,0,0,0,0,0,0,0,0,80,0,0
near,21,PR-21,PR,1765.6,11,5,7,0,0,0,0,0,0,0,0,0,5,0,0,0,0,0,0,0,0,0,0,0,0,0,1,5,0,0,0.5,0,0,0,0,0,0,0,0,0,0,0,0,0,0,0,0,0,0,0,0,0,0,0,5,0,0,0,0,0,0,0,0,0,0,0,80,0,0
near,21,PR-21,PR,1765.6,11,5,8,0,0,0,0,0,0,0,0,0,10,0,0,0,0,0,0,0,0,0,0,0,0,0,0.5,5,0,0,0.5,0,0,0,0,0,0,0,0,0,0,0,0,0,0,0,0,0,0,0,0,0,0,0,35,1,0,0,15,0,0,0,0,0,0,0,50,0,0
near,21,PR-21,PR,1765.6,11,5,9,0,0,0,0,0,0,0,0,0,5,0,0,0,0,0,0,0,0,0,0,0,0,0,0.5,1,0,0,0,0,0,1,0,0,0,0,0,0,0,0,0,0,0,0,0,0,0,0,0,0,0,0,20,0,0,0,5,0,0,0,0,0,0,0,75,0,0
near,21,PR-21,PR,1765.6,11,5,10,0,0,0,0,0,0,0,0,0,5,0,0,0,0,0,0,0,0,0,0,0,0,0,0,0.5,0,0,0,0,0,10,0,0,0,0,0,0,0,0,0,0,0,0,0,0,0,0,0,0,0,0,30,0,0,0,25,0,0,0,5,0,0,0,60,0,0
far,22,PR-22,PR,1765.9,11,4,1,0,0,0,0,0,0,0,1,0,40,0,0,0,0,0,0,0,0,0,0,0.5,0,0,40,0,0,0,0,0,0,15,0,0,0,0,0,0,0,0,0,0,0,0,0,1,0,0,0,0,0,0,1,15,0,0,0,0,0,0,0,0,0,25,0,0,0
far,22,PR-22,PR,1765.9,11,4,2,0,0,0,0,0,0,0,1,0,30,0,0,0,0,0,0,0,0,0,0,0,0,0,15,0.5,0,0,0,0,0,5,0,0,0,0,0,0,0,0,0,0,0,0,0,0,0,0,0,0,0,0,0,40,0,0,0,0,0,0,0,0,0,10,0,0,0
far,22,PR-22,PR,1765.9,11,4,3,0,0,0,0,0,0,0,1,0,35,0,0,0,0,0,0,0,0,0,0,0.5,0,0,10,0.5,0,0,0,0,0,5,0,0,0,0,0,0,0,0,0,0,0,0,0,0,0,0,0,0,0,0,0,50,0,0,0,0,0,0,0.5,0,0,15,0,0,0
far,22,PR-22,PR,1765.9,11,4,4,0,0,0,0,0,0,0.5,1,0,20,0,0,0,0,0,0,0,0,0,0,0,0,0,15,0,0,0,0,0,0,1,0,0,0,0,0,0,0,0,0,0,0,0,0,0,0,0,0,0,0,0,5,35,0,0,0,0,0,0,0,0,0,25,0,0,0
far,22,PR-22,PR,1765.9,11,4,5,0,0,0,0,0,0,0.5,0.5,0,20,0,0,0,0,0,0,0,0,0,0,0.5,0,0,5,0.5,0,0,0,0,0,1,0,0,0,0,0,0,0,0,0,0,0,0,0,0,0,0,0,0,0,0,5,45,0,0,5,0,0,0,0,0,0,25,0,0,0
far,22,PR-22,PR,1765.9,11,4,6,0,0,0,0,0,0,0,0,0,30,0,0,0,0,0,0,0,0,0,0,0.5,0,0,5,0,0,0,0,0,0,0.5,0,0,0,0,0,0,0,0,0,0,0,0,0,0,0,0,0,0,0,0,10,40,0,0,0,0,0,0,0,0,0,25,0,0,0
far,22,PR-22,PR,1765.9,11,4,7,0,0,0,0,0,0,0,0,0,20,0,0,0,0,0,0,0,0,0,0,0,0,0,0.5,0.5,0,0,0,0,0,5,0,0,0,0,0,0,0,0,0,0,0,0,0,0,0,0,0,0,0,0,5,30,0,0,0.5,0,0,0,0,0,0,25,0,0,0
far,22,PR-22,PR,1765.9,11,4,8,0,0,0,0,0,0,0,0.5,0,40,0,0,0,0,0,0,0,0,0,0,0.5,0,0,0.5,0,0,0,0,0,0,5,0,0,0,0,0,0,0,0,0,0,0,0,0,0,0,0,0,0,0,0,15,40,0,0,15,0,0,0,0,0,0,15,0,0,0
far,22,PR-22,PR,1765.9,11,4,9,0,0,0,0,0,0,0.5,1,0,30,0,0,0.5,0,0,0,0,0,0,0,0,0,0,0,0,0,0,0,0,0,10,0,0,0,0,0,0,0,0,0,0,0,0,0,0,0,0,0,0,0,0,25,40,0,0,1,0,0,0,0,0,0,20,0,0,0
far,22,PR-22,PR,1765.9,11,4,10,0,0,0,0,0,0,0.5,0.5,0,30,0,0,0.5,0,0,0,0,0,0,0,0,0,0,0.5,0.5,0,0,0,0,0,5,0,0,0,0,0,0,0,0,0,0,0,0,0,0,0,0,0,0,0,0,30,45,0,0,15,0,0,0,0,0,0,0,0,0,0
near,23,PR-23,PR,1796.8,12,3,1,0,0,0,0,0,0,0,0,0,1,0,0,0,0,0,0,0,0,0,0,0.5,0,0,0.5,0,0,0,0.5,0,0,0,0,0,0,0,0,0,0,0,0,0,0,0,0,0,0,0,0,0,0,0,0,1,0,0,0,0,0,0,0,0,0,40,50,0,0
near,23,PR-23,PR,1796.8,12,3,2,0,0,0,0,0,0,0,0.5,0,10,0,0,0,0,0,0,0,0,0,0,0.5,0,0,0.5,0,0,0,0,0,0,0,0,0,0,0,0,0,0,0,0,0,0,0,0,0,0,0,0,0,0,0,0.5,10,0,0,0,0,0,0,0,0,0,40,20,5,5
near,23,PR-23,PR,1796.8,12,3,3,0,0,0,0,0,0,0,0.5,0,1,0,0,0,0,0,0,0,0,0,0,0.5,0,0,0,0,0,0,0,0,0,0,0,0,0,0,0,0,0,0,0,0,0,0,0,0,0,0,0,0,0,0,0,0,0,0,0,0,0,0,0.5,0,0,35,70,0,0
near,23,PR-23,PR,1796.8,12,3,4,0,0,0,0,0,0,0,0,0,0.5,0,0,0,0,0,0,0,0,0,0,0.5,0,0,0.5,0,0,0,0,0,0,0,0,0,0,0,0,0,0,0,0,0,0,0,0,0,0,0,0,0,0,0,0,0,0,0,0,0,0,0,0,0,0,10,90,1,1
near,23,PR-23,PR,1796.8,12,3,5,0,0,0,0,0,0,0,0.5,0,0.5,0,0,0,0,0,0,0,0,0,0,0,0,0,0.5,0,0,0,0,0,0,0,0,0,0,0,0,0,0,0,0,0,0,0,0,0,0,0,0,0,0,0,0,0.5,0,0,0,0,0,0,0,0,0,20,90,1,1
near,23,PR-23,PR,1796.8,12,3,6,0,0,0,0,0,0,0,0,0,1,0,0,0,0,0,0,0,0,0,0,0,0,0,0.5,0,0,0,0,0,0,0,0,0,0,0,0,0,0,0,0,0,0,0,0,0,0,0,0,0,0,0,0,0.5,0,0,0,0,0,0,0.5,0,0,20,75,10,10
near,23,PR-23,PR,1796.8,12,3,7,0,0,0,0,0,0,0,0,0,15,0,0,0,0,0,0,0,0,0,0,0.5,0,0,0.5,0,0,0,0,0,0,0,0,0,0,0,0,0,0,0,0,0,0,0,0,0,0,0,0,0,0,0,0,0,0,0,0,0,0,0,0,0,0,10,70,15,15
near,23,PR-23,PR,1796.8,12,3,8,0,0,0,0,0,0,0,0.5,0,1,0,0,0,0,0,0,0,0,0,0,0,0,0,0.5,0,0,0,0,0,0,0,0,0,0,0,0,0,0,0,0,0,0,0,0,0,0,0,0,0,0,0,0,0,0,0,0,0,0,0,0,0,0,5,80,10,10
near,23,PR-23,PR,1796.8,12,3,9,0,0,0,0,0,0,0,0.5,0,10,0,0,0,0,0,0,0,0,0,0,0.5,0,0,0.5,0,0,0,0,0,0,0,0,0,0,0,0,0,0,0,0,0,0,0,0,0,0,0,0,0,0,0,0,0,0,0,0,0,0,0,0.5,0,0,5,80,10,10
near,23,PR-23,PR,1796.8,12,3,10,0,0,0,0,0,0,0,0.5,0,5,0,0,0,0,0,0,0,0,0,0,0,0,0,1,0,0,0,0,0,0,0,0,0,0,0,0,0,0,0,0,0,0,0,0,0,0,0,0,0,0,0,0,0.5,0,0,0.5,0,0,0,0,0,0,10,80,5,5
far,24,PR-24,PR,1797,12,2,1,0,0,0,0,0,0,0,0,0,1,0,0,0,0,0,0,0,0,0,0,0,0,0,0,0,0,0.5,0,0,0,0.5,0.5,0,0,0,0,0,0,0,0,0,0,0,0,0,0,0,0,0,0,0,1,60,0,0,0,0,0,0,0.5,0,0,20,0,0,0
far,24,PR-24,PR,1797,12,2,2,0,0,0,0,0,0,0,0,0,1,0,0,0,0,0,0,0,0,0,0,0,0,0,0,0,0,0,0,0,0,5,1,0,0,0,0,0,0,0,0,0,0,0,0,0,0,0,0,0,0,0,0,20,0,0,0,0,0,0,0.5,0,0,30,0,15,15
far,24,PR-24,PR,1797,12,2,3,0,0,0,0,0,0,0,0.5,0,5,0,0,0,0,0,0,0,0,0,0,0,0,0,0,0,0,0,0,0,0,0.5,0.5,0,0,0,0,0,0,0,0,0,0,0,0,0,0,0,0,0,0,0,0,40,0,0,0,0,0,0,1,0,0,40,0,0,0
far,24,PR-24,PR,1797,12,2,4,0,0,0,0,0,0,0,0.5,0,5,0,0,0,0,0,0,0,0,0,0,0,0,0,0,0,0,0,0,0,0,0,0,0,0,0,0,0,0,0,0,0,0,0,0,0,0,0,0,0,0,0,0,35,0,0,0,0,0,0,1,0,0,30,0,0,0
far,24,PR-24,PR,1797,12,2,5,0,0,0,0,0,0,0,0.5,0,5,0,0,0,0,0,0,0,0,0,0,0,0,0,0,0,0,0,0,0,0,0.5,0,0,0,0,0,0,0,0,0,0,0,0,0,0,0,0,0,0,0,0,0,20,0,0,0,0,0,0,1,0,0,40,0,5,5
far,24,PR-24,PR,1797,12,2,6,0,0,0,0,0,0,0,0.5,0,1,0,0,0,0,0,0,0,0,0,0,0,0,0,0,0,0,0,0,0,0,1,0.5,0,0,0,0,0,0,0,0,0,0,0,0,0,0,0,0,0,0,0,0,50,0,0,0,0,0,0,1,0,0,25,0,0,0
far,24,PR-24,PR,1797,12,2,7,0,0,0,0,0,0,0,0.5,0,1,0,0,0,0,0,0,0,0,0,0,0,0,0,0,0,0,0.5,0,0,0,0.5,0,0,0,0,0,0,0,0,0,0,0,0,0,0,0,0,0,0,0,0,0,20,0,0,0,0,0,0,1,0,0,60,0,0,0
far,24,PR-24,PR,1797,12,2,8,0,0,0,0,0,0,0,0.5,0,5,0,0,0,0,0,0,0,0,0,0,0,0,0,0,0,0,0,0.5,0,0,0.5,0,0,0,0,0,0,0,0,0,0,0,0,0,0,0,0,0,0,0,0,0,10,0,0,1,0,0,0,1,0,0,70,0,0,0
far,24,PR-24,PR,1797,12,2,9,0,0,0,0,0,0,0,0.5,0,1,0,0,0,0,0,0,0,0,0,0,0,0,0,0,0,0,0.5,0.5,0,0,5,0,0,0,0,0,0,0,0,0,0,0,0,0,0,0,0,0,0,0,0,0,10,0,0,0,0,0,0,5,0,5,60,0,0,5
far,24,PR-24,PR,1797,12,2,10,0,0,0,0,0,0,0,0.5,0,5,0,0,0,0,0,0,0,0,0,0,0,0,0,0,0,0,0.5,0,0,0,10,0.5,0,0,0,0,0,0,0,0,0,0,0,0,0,0,0,0,0,0,0,0,15,0,0,10,0,0,0,1,0,1,10,0,1,2
near,25,TM-25,TM,1658.9,13,2,1,0,0,0,0,0,0,0,0,0,1,0,0,0,0,0,0,0,0,0,0,0,0,0,0,0,0,0,0,0,0,0,0,0,0,0,0,0,0,0,0,0,0,0,0,0,0,0,0,0,0,0,1,0,0,0,0,0,0,0,0,0,0,0,60,40,40
near,25,TM-25,TM,1658.9,13,2,2,0,0,0,0,0,0,0,0.5,0,1,0,0,0,0,0,0,0,0,0,0,0.5,0,0,0,0,0,0,0,0,0,0,0,0,0,0,0,0,0,0,0,0,0,0,1,0,0,0,0,0,0,0,0,0,0,0,5,0,0,0,15,0,10,0,40,0,10
near,25,TM-25,TM,1658.9,13,2,3,0,0,0,0,0,0,0,0.5,0,10,0,0,0,0,0,0,0,0,0,0,0,0,0,0,0,0,0,0,0,0,0,0,0,0,0,0,0,0,0,0,0,0,0,1,0,0,0,0,0,0,0,5,0,0,0,25,0,0,0,0,0,20,0,10,0,20
near,25,TM-25,TM,1658.9,13,2,4,0,0,0,0,0,0,0,0.5,0,10,0,0,0,0,0,0,0,0,0,0,0,0,0,0.5,0.5,0,0,0,0,0,0,0,0,0,0,0,0,0,0,0,0,0,0,1,0,0,0,0,0,0,0,1,0,0,0,15,0,0,0,0,0,35,0,5,0,35
near,25,TM-25,TM,1658.9,13,2,5,0,0,0,0,0,0,0,0.5,0,1,0,0,0,0,0,0,0,0,0,0,0,0,0,0.5,0.5,0,0,0,0,0,0,0,0,0,0,0,0,0,0.5,0,0,0,0,5,0,0,0,0,0,0,0,5,0,0,0,5,0,0,0,1,0,80,0,1,0,80
near,25,TM-25,TM,1658.9,13,2,6,0,0,0,0,0,0,0,0.5,0,25,0,0,0,0,0,0,0,0,0,0,0.5,0,0,0.5,0,0,0,0,0,0,0,0,0,0.5,0,0,0,0,0,0,0,0,0,5,0,0,0,0,0,0,0,1,0,0,0,10,0,0,0,1,0,60,0,0,0,60
near,25,TM-25,TM,1658.9,13,2,7,0,0,0,0,0,0,0,0.5,0,20,0,0,0,0,0,0,0,0,0,0,0.5,0,0,1,0.5,0,0,0,0,0,0,0,0,0.5,0,0,0,0,0,0,0,0,0,10,0,0,0,0,0,0,0,1,0,0,0,1,0,0,0,1,0,40,0,0,0,40
near,25,TM-25,TM,1658.9,13,2,8,0,0,0,0,0,0,0,0.5,0,10,0,0,0,0,0,0,0,0,0,0,0,0,0,1,0,0,0,0,0,0,0,0,0,5,0,0,0,0,0,0,0,0,0,10,0,0,0,0,0,0,0,10,0,0,0,30,0,0,0,5,0,10,0,25,0,10
near,25,TM-25,TM,1658.9,13,2,9,0,0,0,0,0,0,0,1,0,10,0,0,0,0,0,0,0,0,0,0,0,0,0,10,1,0,0,0,0,0,0,0,0,15,0,0,0,0,0,0,0,0,0,0.5,0,0,0,0,0,0,0,10,0,0,0,1,0,0,0,0,0,15,0,0,0,15
near,25,TM-25,TM,1658.9,13,2,10,0,0,0,0,0,0,0,0,0,0,0,0,0,0,0,0,0,0,0,0,0,0,0,0.5,0,0,0,0,0,0,0,0,0,0,0,0,0,0,0,0,0,0,0,0,0,0,0,0,0,0,0,1,0,0,0,0,0,0,0,0,0,0,0,100,0,0
far,26,TM-26,TM,1658,13,3,1,0,0,0,0,0,0,0,5,0,5,0,0,0,0,0,0,0,0,0,0,1,0,0,0,0.5,0,0,0,0,0,0,0,0,1,0,5,0,0,0,0,0,0,0,0,0,0,0,0,0,0,0,5,40,0,0,1,0,0,0,0.5,0,1,5,0,0,1
far,26,TM-26,TM,1658,13,3,2,0,0,0,0,0,0,0,5,0,10,0,0,0,0,0,0,0,0,0,0,0.5,0,0,0,0,0,0,0,0,0,0,0,0,1,0,10,0,0,0,0,0,0,0,0,0,0,0,0,0,0,0,5,25,0,0,1,0,0,0,5,0,5,10,0,0,5
far,26,TM-26,TM,1658,13,3,3,0,0,0,0,0,0,0,5,0,15,0,0,0,0,0,0,0,0,0,0,1,0,0,0,0.5,0,0,0,0,0,0,0,0,0,0,10,0,0,0,0,0,0,0,0,0,0,0,0,0,0,0,0.5,20,0,0,1,0,0,0,5,0,1,20,0,0,1
far,26,TM-26,TM,1658,13,3,4,0,0,0,0,0,0,0,1,0,15,0,0,0,0,0,0,0,0,0,0,1,0,0,0,0.5,0,0,0,0,0,0,0,0,0.5,0,5,0,0,0,0,0,0,0,0,0,0,0,0,0,0,0,5,10,0,0,15,0,0,0,5,0,1,10,0,0,1
far,26,TM-26,TM,1658,13,3,5,0,0,0,0,0,0,0,5,0,10,0,0,0,0,0,0,0,0,0,0,1,0,0,0,1,0,0,0,0,0,0,0,0,0,0,1,0,0,0,0,0,0,0,0,0,0,0,0,0,0,0,1,20,0,0,10,0,0,0,5,0,0.5,20,0,0,0.5
far,26,TM-26,TM,1658,13,3,6,0,0,0,0,0,0,1,1,0,10,0,0,0.5,0,0,0,0,0,0,0,5,0,0,0,5,0,0,0,0,0,0,0,0,0,0,10,0,0,0,0,0,0,0,0,0,0,0,0,0,0,0,1,10,0,0,15,0,0,0,15,0,5,10,0,0,5
far,26,TM-26,TM,1658,13,3,7,0,0,0,0,0,0,1,0.5,0,5,0,0,5,0,0,0,0,0,0,0,1,0,0,0,1,0,0,0,0,0,0,0,0,1,0,5,0,0,0,0,0,0,0,0,0,0,0,0,0,0,0,1,15,0,0,20,0,0,0,5,0,0,1,0,0,0
far,26,TM-26,TM,1658,13,3,8,0,0,0,0,0,0,1,1,0,10,0,0,0,0,0,0,0,0,0,0,5,0,0,0.5,0,0,0,0,0,0,0,0,0,5,0,0,0,0,0,0,0,0,0,0,0,0,0,0,1,0,0,0,20,0,0,20,0,0,0,1,0,5,10,0,0,5
far,26,TM-26,TM,1658,13,3,9,0,0,0,0,0,0,1,5,0,15,0,0,0,0,0,0,0,0,0,0,5,0,0,5,0,0,0,0,0,0,0,0,0,1,0,5,0,0,0,0,0,0,0,0,0,0,0,0,0,0,0,5,45,0,0,15,0,0,0,15,5,0,10,0,0,0
far,26,TM-26,TM,1658,13,3,10,0,5,0,0,0,0,0,5,0,5,0,0,10,0,0,0,0,0,0,0,1,0,0,0,0,0,0,0,0,0,0,0,0,0,0,5,0,0,0,0,0,0,0,0,0,0,0,0,0,0,0,20,10,0,0,30,0,0,0,15,0,0,15,0,0,0
near,27,TM-27,TM,1669.2,14,1,1,0,0,0,0,0,0,0,0,0,0,0,0,0,0,0,0,0,0,0,0,0,0,0,0,0,0,0,0,0,0,0,0,0,0,0,0,0,0,0,0,0,0,0,0,0,0,0,0,0,0,0,0.5,0,0,0,0.5,0,0,0,0,0,0,0,100,0,0
near,27,TM-27,TM,1669.2,14,1,2,0,0,0,0,0,0,0,0,0,0.5,0,0,0,0,0,0,0,0,0,0,0,0,0,0,0,0,0,0,0,0,0,0,0,0,0,0,0,0,0,0,0,0,0,0,0,0,0,0,0,0,0,0.5,0,0,0,0.5,0,0,0,0,0,0,0,100,0,0
near,27,TM-27,TM,1669.2,14,1,3,0,0,0,0,0,0,0,0,0,0,0,0,0,0,0,0,0,0,0,0,0,0,0,0,0,0,0,0,0,0,0,0,0,0,0,0,0,0,0,0,0,0,0,0,0,0,0,0,0,0,0,0,0,0,0,0.5,0,0,0,0,0,0,0,100,0,0
near,27,TM-27,TM,1669.2,14,1,4,0,0,0,0,0,0,0,0,0,0.5,0,0,0,0,0,0,0,0,0,0,0,0,0,0,0,0,0,0,0,0,0,0,0,0,0,0,0,0,0,0,0,0,0,0,0,0,0,0,0,0,0,0.5,0,0,0,0.5,0,0,0,0,0,0,0,100,0,0
near,27,TM-27,TM,1669.2,14,1,5,0,0,0,0,0,0,0,0,0,5,0,0,0,0,0,0,0,0,0,0,0,0,0,0,0,0,0,0,0,0,0,0,0,0.5,0,0,0,0,0,0,0,0,0,0,0,0,0,0,0,0,0,5,5,0,0,5,0,0,0,0,0,0,0,80,0,0
near,27,TM-27,TM,1669.2,14,1,6,0,0,0,0,0,0,0,0,0,5,0,0,0,0,0,0,0,0,0,0,0,0,0,0,0,0,0,0,0,0,0,0,0,0.5,0,0.5,0,0,0,0,0,0,0,0,0,0,0,0,0,0,0,10,15,0,0,15,0,0,0,0,35,0,0,30,0,0
near,27,TM-27,TM,1669.2,14,1,7,0,0,0,0,0,0,0,0,0,10,0,0,0,0,0,0,0,0,0,0,0,0,0,0,0,0,0,0,0,0,0,0,0,0.5,0,0.5,0,0,0,0,0,0,0,0,0,0,0,0,0,0,0,25,15,0,0,25,0,0,0,0.5,45,0,0,20,0,0
near,27,TM-27,TM,1669.2,14,1,8,0,0,0,0,0,0,0,0,0,5,0,0,0,0,0,0,0,0,0,0,0,0,0,0,0,0,0,0,0,0,0,0,0,0.5,0,0.5,0,0,0,0,0,0,0,0,0,0,0,0,0,0,0,5,5,0,0,1,0,0,0,1,0,0,0,90,0,0
near,27,TM-27,TM,1669.2,14,1,9,0,0,0,0,0,0,0,0,0,0,0,0,0,0,0,0,0,0,0,0,0,0,0,0,0,0,0,0,0,0,0,0,0,0,0,0,0,0,0,0,0,0,0,0,0,0,0,0,0,0,0,0,0,0,0,0,0,0,0,0,0,0,0,100,0,0
near,27,TM-27,TM,1669.2,14,1,10,0,0,0,0,0,0,0,0,0,0,0,0,0,0,0,0,0,0,0,0,0,0,0,0,0,0,0,0,0,0,0,0,0,0,0,0,0,0,0,0,0,0,0,0,0,0,0,0,0,0,0,0,0,0,0,0,0,0,0,0,0,0,0,100,0,0
far,28,TM-28,TM,1669.7,14,3,1,0,0,0,0,0,0,0,0.5,0,5,0,0,0,0,0,0,0,0,0,0,0,0,0,0,0,0,0,0,0,0,0,0,0,0,0,5,0,0,0,0,0,0,0,0,0,0,0,0,0,0,0,15,30,0,0,25,0,0,0,1,5,5,10,0,0,5
far,28,TM-28,TM,1669.7,14,3,2,0,0,0,0,0,0,0,0,0,1,0,0,0,0,0,0,0,0,0,0,0,0,0,0,0,0,0,0,0,0,0,0,0,0,0,5,0,0,0,0,0,0,0,0,0,0,0,0,0,1,1,5,15,0,0,25,0,0,0,0,0,5,10,0,0,5
far,28,TM-28,TM,1669.7,14,3,3,0,0,0,0,0,0,0,0,0,0.5,0,0,0,0,0,0,0,0,0,0,0,0,0,0,0,0,0,0,0,0,0,0,0,0,0,5,0,0,0,0,0,0,0,0,0,0,0,0,0,1,5,15,40,0,0,20,0,0,0,0.5,0,1,5,0,0,1
far,28,TM-28,TM,1669.7,14,3,4,0,0,0,0,0,0,0,0,0,0.5,0,0,0,0,0,0,0,0,0,0,0,0,0,0,0,0,0,0,0,0,0,0,0,0,0,1,0,0,0,0,0,0,0,0,0,0,0,0,0,5,1,5,50,0,0,5,0,0,0,0.5,0.5,0.5,5,0,0,0.5
far,28,TM-28,TM,1669.7,14,3,5,0,0,0,0,0,0,0,0,0,0.5,0,0,0,0,0,0,0,0,0,0,0,0,0,0,0,0,0,0,0,0,0,0,0,0,0,0.5,0,0,0,0,0,0,0,0,0,0,0,0,0,5,5,5,15,0,0,10,0,0,0,0,0.5,5,15,0,0,5
far,28,TM-28,TM,1669.7,14,3,6,0,0,0,0,0,0,0,0,0,0.5,0,0,0,0,0,0,0,0,0,0,0,0,0,0,0,0,0,0,0,0,0,0,0,0.5,0,10,0,0,0,0,0,0,0,0,0,0,0,0,0,5,0.5,5,5,0,0,25,0,0,0,5,0,0.5,5,0,0,0.5
far,28,TM-28,TM,1669.7,14,3,7,0,0,0,0,0,0,0,0,0,0.5,0,0,0,0,0,0,0,0,0,0,0,0,0,0,0,0,0,0,0,0,0,0,0,0,0,5,0,0,0,0,0,0,0,0,0,0,0,0,0,10,0,10,20,0,0,15,0,0,0,30,0,1,1,0,0,1
far,28,TM-28,TM,1669.7,14,3,8,0,0,0,0,0,0,0,0,0,1,0,0,0,0,0,0,0,0,0,0,0,0,0,0,0,0,0,0,0,0,0,0,0,0.5,0,5,0,0,0,0,0,0,0,0,0,0,0,0,0,10,0,5,25,0,0,20,0,0,0,5,0,5,5,0,0,5
far,28,TM-28,TM,1669.7,14,3,9,0,0,0,0,0,0,0,0,0,1,0,0,0,0,0,0,0,0,0,0,0,0,0,0,0,0,0,0,0,0,0,0,0.5,0,0,5,0,0,0,0,0,0,0,0,0,0,0,0,0,10,0,5,20,0,0,25,0,0,0,5,0,5,20,0,0,5
far,28,TM-28,TM,1669.7,14,3,10,0,0,0,0,0,0,0,0,0,0.5,0,0,0,0,0,0,0,0,0,0,0,0,0,0,0,0,0,0,0,0,0,0,0,0,0,5,0,0,0,0,0,0,0,0,0,0,0,0,0,0,1,1,15,0,0,45,0,0,0,1,5,1,20,0,0,1