treatment,transnum,transect,site,elevation,quad,antmed,arnlat,callep,caspar,dipsit,epiana,erigla,hietri,leppyr,luepec,luparc,mictol,potfla,pusocc,solmul,tonlya,valsti,verwor,agrcap,danint,poaalp,vahatr,carhas,carnar,carnig,carspe,schacu,jundru,luzpip,aulpal,braspp,bryosp1,bryosp2,bucsud,cerpur,dicoly,dicpal,ditspp,meilya,nipelo,nipmut,nippyg,phifon,pohnut,polpil,polspp,rhysqu,rhyrob,scioed,strcon,barhat,lopven,crust,vacova,casmer,gauhum,kalmic,phyemp,phygla,phyint,salbar,abilas,tsumer
trampled,1,TM-1,1,1579.9,1,0,0,0,0,0,0,0,0,0,0.5,0,0,0,0,0,0,0,0,0,0,0,0,0,0,0,0,0,0,0,0,0,0,0,0,0,0,0,0,0,0,0,0,0,0,0,0,0,0,0,0,0,0,0,0,0,0,0,10,0,0,0,0,0
trampled,1,TM-1,1,1579.9,2,0,0,0,0,0,0,0,0,0,0.5,0,0,0,0,0,0,0,0,0,0,0,0,0,0,0,0,0,0,0,0,0,0,0,0,0,0,0,0,0,0,0,0,0,0,0,0,0,0,0,0,0,0,0,0,0,0,0,10,0,0,0,0,0
trampled,1,TM-1,1,1579.9,3,0,0,0,0,0,0,0,0,0,1,0,0,0,0,0,0,0,0,0,0,0,0,0,0,0,0,0,0,0,0,0,0,0,0,0,0,0,0,0,0,0,0,0,0,0,0,0,0,0,0,0,0,0,1,0,0,0,1,0,0,0,0,0
trampled,1,TM-1,1,1579.9,4,0,0,0,0,0,0,0,0,0,5,0,0,0,0,0,0,0,0,0,0,0,0,0,0,0,0,0,0,0,0,0,0,0,0,0,0,0,0,0,0,0,0,0,0,0,0,0,0,0,0,0,0,0,10,15,0,0,20,0,0,0,0,0
trampled,1,TM-1,1,1579.9,5,0,0,0,0,0,0,0,0,0,1,0,0,0,0,0,0,0,0,0,0,0,0,0,0,0,0,0,0,0,0,0,0,0,0,0,0,0,0,0,0,0,0,0,0,0,0,0,0,0,0,0,0,0,0,0,0,0,0.5,0,0,0,0,0
trampled,1,TM-1,1,1579.9,6,0,0,0,0,0,0,0,0,0,0.5,0,0,0,0,0,0,0,0,0,0,0,0,0,0,0,0,0,0,0,0,0,0,0,0,0,0,0,0,0,0,0,0,0,0,0,0,0,0,0,0,0,0,0,0,0,0,0,0,0,0,0,0,0
trampled,1,TM-1,1,1579.9,7,0,0,0,0,0,0,0,0,0,1,0,0,0,0,0,0,0,0,0,0,0,0.5,0,0,0,0,0,0,0,0,0,0,0,0,0,0,0,0,0,0,0,0,0,0,0,0,0,0,0,0,0,0,0,0.5,0,0,0,0,0,0,0,0,0
trampled,1,TM-1,1,1579.9,8,0,0,0,0,0,0,0,0,0,0,0,0,0,0,0,0,0,0,0,0,0,0,0,0,0,0,0,0,0,0,0,0,0,0,0,0,0,0,0,0,0,0,0,0,0,0,0,0,0,0,0,0,0,0,0,0,0,0,0,0,0,0,0
trampled,1,TM-1,1,1579.9,9,0,0,0,0,0,0,0,0,0,0.5,0,0,0,0,0,0,0,0,0,0,0,0,0,0,0,0,0,0,0,0,0,0,0,0,0,0,0,0,0,0,0,0,0,0,0,0,0,0,0,0,0,0,0,0.5,0,0,0,0,0,0,0,0,0
trampled,1,TM-1,1,1579.9,10,0,0,0,0,0,0,0,0,0,5,0,0,0,0,0,0,0,0,0,0,0,0.5,0,0,0,0,10,0,0,0,0,0,0,0,0,0,0,0,0,0,0,0,0,0,0,0,0,0,0,0,0,0,0,10,0,0,0,5,0,0,0,0,0
reference,2,TM-2,1,1579.9,1,0,0,0,0,0,0,0,0,0,10,0,0,0,0,0,0,0,0,0,0,0,0,0,0,0,0,0,0,0,0,0,5,0.5,0,0,0,0,0,0,0,0,0,0,0,0,0,0,0,0,0,0,0,0,20,15,0,0,30,0,0,0,0,0
reference,2,TM-2,1,1579.9,2,0,0,0,0,0,0,0,0,0,10,0,0,0,0,0,0,0,0,0,0,0,0,0,0,0,0,0,0,0,0,0,0.5,0,0,0,0,0,0,0,0,0,0,0,0,0,0,0,0,0,0,0,0,0,25,10,0,0,15,0,0,0,0.5,0
reference,2,TM-2,1,1579.9,3,0,0,0,0,0,0,0,0,0,10,0,0,0,0,0,0,0,0,0,0,0,0,0,0,0,0,0,0,0,0,0,0.5,0,0,0,0,0,0,0,0,0,0,0,0,0,0,0,0,0,0,0,0,0,15,10,0,0,5,0,0,0,0.5,0
reference,2,TM-2,1,1579.9,4,0,0,0,0,0,0,0,0,0,5,0,0,0,0,0,0,0,0,0,0,0,0,0,0,0,0,0,0,0,0,0,0.5,0.5,0,0,0,0,0,0,0,0,0,0,0,0,0,0,0,0,0,0,0,0,10,15,0,0,0,0,0,0,0.5,0
reference,2,TM-2,1,1579.9,5,0,0,0,0,0,0,0,0,0,10,0,0,0,0,0,0,0,0,0,0,0,0,0,0,0,0,0,0,0,0,0,0.5,0,0,0,0,0,0,0,0,0,0,0,0,0,0,0,0,0,0,0,0,0,15,25,0,0,0,0,0,0,0.5,0
reference,2,TM-2,1,1579.9,6,0,0,0,0,0,0,0,0,0,10,0,0,0,0,0,0,0,0,0,0,0,0,0,0,0,0,0,0,0,0,0,1,0,0,0,0,0,0,0,0,0,0,0,0,0,0,0,0,0,0,0,0,0,20,15,0,0,1,0,0,0,0.5,0
reference,2,TM-2,1,1579.9,7,0,0,0,0,0,0,0,0.5,0,5,0,0,0,0,0,0,0,0,0,0,0,0,0,0,0,0,0,0,0,0,0,5,0,0,0,0,0,0,0,0,0,0,0,0,0,0,0,0,0,0,0,0,0,10,10,0,0,0,0,0,0,1,0
reference,2,TM-2,1,1579.9,8,0,0,0,0,0,0,0,0,0,5,0,0,0,0,0,0,0,0,0,0,0,0,0,0,0,0,0,0,0,0,0,1,0,0,0,0,0,0,0,0,0,0,0,0,0,0,0,0,0,0,0,0,0,5,10,0,0,10,0,0,0,0.5,0
reference,2,TM-2,1,1579.9,9,0,0,0,0,0,0,0,0,0,1,0,0,0,0,0,0,0,0,0,0,0,0,0,0,0,0,0,0,0,0,0,1,0.5,0,0,0,0,0,0,0,0,0,0,0,0,0,0,0,0,0,0,0,0,10,10,0,0,5,0,0,0,0,0
reference,2,TM-2,1,1579.9,10,0,0,0,0,0,0,0,0,0,5,0,0,0,0,0,0,0,0,0,0,0,0,0,0,0,0,0,0,0,0,0,1,0,0,0,0,0,0,0,0,0,0,0,0,0,0,0,0,0,0,0,0,0,5,5,0,1,5,0,0,0,0,0
trampled,3,TM-3,1,1581.1,1,0,0,0,0,0,0,0,0,0,10,0,0,0,0,0,0,0,0,0,20,0,0,0,0,5,0,0,0,0,0,0,0,0,0,0,0,0,0,0,0,0,0,0,0,0,0,0,0,0,0,0,0,0,0,0,0,0.5,1,0,0,0,0,0
trampled,3,TM-3,1,1581.1,2,0,0,0,0,0,0,0,0,0,5,0,0,0,0,0,0,0,0,10,5,0,0,0,0,5,0,0,0,0,0,0,0,0,0,0,0,0,0,0,0,0,0,0,0,0,0,0,0,0,0,0,0,0,0,0,0,0,0,0,0,0,0,0
trampled,3,TM-3,1,1581.1,3,0,0,0,0,0,0,0,0,0,5,0,0,0,0,0,0,0,0,10,1,0,0,0,0,0.5,0,0,0,0,0,0,0,0,0,0,0,0,0,0,0,0,0,0,0,0,0,0,0,0,0,0,0,0,0,0,0,0,1,0,0,0,0,0
trampled,3,TM-3,1,1581.1,4,0,0,0,0,0,0,0,0,0,10,0,0,0,0,0,0,0,0,0,0,0,0,0,0,0.5,0,0,0,0,0,0,0,0,0,0,0,0,0,0,0,0,0,0,0,0,0,0,0,0,0,0,0,0,0.5,0.5,0,0,0,0,0,0,0,0
trampled,3,TM-3,1,1581.1,5,0,0,0,0,0,0,0,0.5,0,30,0,0,0,0,0,0,0,0,1,1,0,0,0,0,1,0,0,0,0,0,0,0,0,0,0,0,0,0,0,0,0,0,0,0,0,0,0,0,0,0,0,0,0,10,0,0,0,0,0,0,0,0,0
trampled,3,TM-3,1,1581.1,6,0,0,0,0,0,0,0,0,0,20,0,0,0,0,0,0,0,0,0.5,0.5,0,0,0,0,0,0,0,0,0,0,0,0,0,0,0,0,0,0,0,0,0,0,0,0,0,0,0,0,0,0,0,0,0,5,0,0,0,0,0,0,0,0,0
trampled,3,TM-3,1,1581.1,7,0,0,0,0,0,0,0,0,0,0,0,0,0,0,0,0,0,0,0,0,0,0,0,0,0,0,0,0,0,0,0,0,0,0,0,0,0,0,0,0,0,0,0,0,0,0,0,0,0,0,0,0,0,1,0,0,0,0,0,0,0,0,0
trampled,3,TM-3,1,1581.1,8,0,0,0,0,0,0,0,0,0,0,0,0,0,0,0,0,0,0,0,0,0,0,0,0,0,0.5,0,0,0,0,0,0,0,0,0,0,0,0,0,0,0,0,0,0,0,0,0,0,0,0,0,0,0,0,0,0,0,0,0,0,0,0,0
trampled,3,TM-3,1,1581.1,9,0,0,0,0,0,0,0,0,0,0.5,0,0,0,0,0,0,0,0,0,0.5,0,0,0,0,0,0,0,0,0,0,0,0,0,0,0,0,0,0,0,0,0,0,0,0,0,0,0,0,0,0,0,0,0,0,0,0,0,0,0,0,0,0,0
trampled,3,TM-3,1,1581.1,10,0,0,0,0,0,0,0.5,0,0,10,0,0,0,0,0,0,0,0,1,1,0,0,0,0,0,0,0,0,0,0,0,0,0,0,0,0,0,0,0,0,0,0,0,0,0,0,0,0,0,0,0,0,0,0,0,0,0,0,0,0,0,0,0
reference,4,TM-4,1,1581,1,0,0,1,0,0,0,1,0.5,0,5,0,0,0,0,0,0,0,0,0,10,0,0,0,0,0.5,0,0,0,0,0.5,0,1,10,0,0,0,0,0,0,0.5,0,0,0,0,0,0.5,0,0,0,0,0,0,0,1,0,0,1,25,0,0,0,0,0
reference,4,TM-4,1,1581,2,0,0,0.5,0,0,0,0,0.5,0,30,0,0,0,0,0,0,0,0,0,1,0,0,0,0,0.5,0,0,0,0,0,0,0.5,0,0,0,0,0,0,0,0,0,0,0,0,0,5,0,0,0,0,0,0,0,5,0,0,1,30,0,0,0,0,0
reference,4,TM-4,1,1581,3,0,0,0.5,0,0,0,0,0.5,0,50,0,0,0,0,0,0,0,0,0,1,0,0,0,0,0,0,0,0,0,0,0,0,0.5,0,0,0,0,0,0,0,0,0,0,0,0,5,0,0,0,0,0,0,0,10,0,0,5,15,0,0,0,0,0
reference,4,TM-4,1,1581,4,0,0,0,0,0,0,0,1,0,30,0,0,0,0,0,0,0,0,0,25,0,0,0,0,0,0,0,0,0,0,0,1,0,0,0,0,0,0,0,0,0,0,0,0,0,15,0,0,0,0,0,0,0,30,0,0,1,10,0,0,0,0,0
reference,4,TM-4,1,1581,5,0,0,0,0,0,0,0,0,0,45,0,0,0,0,0,0,0,0,0,10,0,0,0,0,0,0,0,0,0,0,0,1,0,0,0,0,0,0,0,0,0,0,0,0,0,10,0,0,0,0,0,0,0,40,1,0,5,5,0,0,0,5,0
reference,4,TM-4,1,1581,6,0,0,0,0,0,0,0,0,0,10,0,0,0,0,0,0,0,0,0,0.5,0,0,0,0,0,0,0,0,0,0,0,0,0,0,0,0,0,0,0,0,0,0,0,0,0,1,0,0,0,0,0,0,0,20,40,0,0.5,60,0,0,0,0,0
reference,4,TM-4,1,1581,7,0,0,0,0,0,0,0.5,0,0,20,0,0,0,0,0,0,0,0,0,1,0,0.5,0,0,0,0,0,0,0,0,0,0,20,0,0,0,0,0,0,0,0,0,0,0,0,0,0,0,0,0,0,0,0,35,60,0,1,25,0,0,0,0,0
reference,4,TM-4,1,1581,8,0,0,0,0,0,0,0,0,0,10,0,0,0,0,0,0,0,0,0,0,0,0,0,0,0,0,0,0,0,0,0,0,25,0,0,0,0,0,0,0,0,0,0,0,0,0,0,0,0,0,0,0,0,25,50,0,0.5,45,0,0,0,0,0
reference,4,TM-4,1,1581,9,0,0,0,0,0,0,0,0,0,15,0,0,0,0,0,0,0,0,0,0,0,0,0,0,0,0,0,0,0,0,0,0,10,0,0,0,0,0,0,0,0,0,0,0,0,0,0,0,0,0,0,0,0,25,30,0,0.5,50,0,0,0,60,0
reference,4,TM-4,1,1581,10,0,0,0,0,0,0,1,0,0,5,0,0,0,0,0,0,0,0,0,0,0,0,0,0,0,0,0,0,0,0,0,0,5,0,0,0,0,0,0,0.5,0,0,0,0,0,0,0,0,0,0,0,0,0,30,15,0,0.5,90,0,0,0,5,0
trampled,5,TM-5,1,1587.8,1,0,0,0.5,0,0,0,0.5,0.5,0,20,0,0,0,0,0,0,0,0,0.5,0,0,0.5,0,0,1,0,0,0,0,0,0,0,0,0.5,0,0,1,0,0,0,0,0,0,0,0,0,0,0.5,0,0,0,0,0,10,15,0,1,15,0,0,0,0.5,0
trampled,5,TM-5,1,1587.8,2,0,0,0,0,0.5,0,0.5,0.5,0,25,0,0,0,0,0,0,0,0,0.5,0,0,0.5,0,0,0.5,0,0,0,0,0,0,0,0,0,0,0,0.5,0,0,0.5,0,0,0,0,0,0,0,1,0,0,0,0,0,5,10,0,0.5,20,0,0,0,0.5,0.5
trampled,5,TM-5,1,1587.8,3,0,0,0,0,5,0,0.5,0,0,15,0,0,0,0,0,0,0,0,0.5,0,0,0.5,0,0,0,0.5,0,0,0,0,0.5,0,0,0,0,0,0.5,0,0,0,1,0,0,0,0,0,0,0,0,0,0,0,0,25,10,0,10,70,0,0,0,0,5
trampled,5,TM-5,1,1587.8,4,0,0,0,0,0,0,0.5,0.5,0,10,0,0,0,0,0,0,0,0,0.5,0.5,0,0.5,0,0,0,0.5,0,0,0,0,5,0,0,0,0,0,0.5,0,0,5,0,0,0,0,0,0,0,0.5,0,0,0,0,10,10,20,0,1,20,0,0,0,5,1
trampled,5,TM-5,1,1587.8,5,0,0,0.5,0,1,0,0,0.5,0,5,0,0,0,0,0,0,0,0,0.5,0,0,0.5,0,0,0,0,0,0,0,0,1,0,0,0.5,0,0,0.5,0,0,1,0,0,0,0,0,0,0,1,0,0,0,0,10,5,5,0,0.5,25,0,0,0,0.5,0
trampled,5,TM-5,1,1587.8,6,0,0,0.5,0,0.5,0,1,0,0,15,0,0,0,0,0,0,0,0,0.5,0,0,0.5,0,0,0.5,0,0,0,0,0,1,0,0,0,0,0,0,0,0,1,0,0,0,0,0,0,0,0,0,0,0,0,25,5,10,0,1,30,0,0,0,1,0
trampled,5,TM-5,1,1587.8,7,0,0,0,0,5,0,0.5,0.5,0,15,0,0,0,0,0,0,0,0,0.5,0,0,0.5,0,0,0.5,0,0,0,0,0,0,0,0,0,0,0,1,0,0,10,0,0,0,0,0,0,0,0,0,0,0,0,15,15,5,0,1,25,0,0,0,1,0
trampled,5,TM-5,1,1587.8,8,0,0,0,0,0,0,0,0.5,0,15,0,0,0,0,0,0,0,0,0.5,0,0,0.5,0,0,0.5,0,0,0,0,0,0,0,0,0,0,0,1,0,0,10,0,0,0,0,0,0,0,0,0,0,0,0.5,10,15,10,0,5,20,0,0,0,0,0
trampled,5,TM-5,1,1587.8,9,0,0,0,0,0,0,0.5,1,0,15,0,0,0,0,0,0,0,0,0.5,0.5,0,1,0,0,0,0,0,0,0,0,0,0,0,0,0,0,0,0,0,5,0,0,0,0,0,0,0,0,0,0,0,0,0,15,15,0,10,30,0,0,0,0,0
trampled,5,TM-5,1,1587.8,10,0,0,0,0,1,0,0,5,0,40,0,0,0,0,0,0,0,0,5,0,0,0,0,0,0.5,0,0,0,0,0,0,0,0,0,0,0,0.5,0,0,1,0,0,0,0,0,0,0,0,0,0,0,0,0,20,10,0,0,30,0,0,0,0.5,10
reference,6,TM-6,1,1588,1,0,0,15,0,0,0,0.5,0.5,0,1,0,0,5,0,0,0,0,0.5,0,1,0,5,0,0,0,0,0,0,0,0,0,0,0,0,0,0,1,0,0,20,0,0,0,0,0,0,0,0,0,0,1,0,0,5,70,0,0,35,0,0,0,0,0
reference,6,TM-6,1,1588,2,0,0,10,0,0,0,0.5,0,0,1,0,0,0.5,0,0,0,0,0.5,0,5,0,5,0,0,0,0,0,0,0,1,0.5,0,0,0,0,0,0,0,0,5,0,0,0,0,0,0,0.5,0,0,0,0.5,0,0,10,5,0,5,20,0,0,0,0.5,0
reference,6,TM-6,1,1588,3,0,0,10,0,0,0,0.5,0.5,0,0.5,0,0,5,0,0,0,0,0.5,0,25,0,1,0,0,0,1,0,0,0,10,1,0,0,0,0,0,0.5,0,0,1,0,0,0,0,0,0,0,0,0,0,0,1,0,0,0,0,0,10,0,0,1,0,0
reference,6,TM-6,1,1588,4,0,0,15,0,0,0,0.5,0.5,0,0,0,0,1,0,0,0,0,1,0,30,0,0.5,0,0,0,0,0,0,0,25,0,0,0,0,0,0,0,0,0,0,0,0,0,0,0,0,1,0,0,0,0,0,0,5,0,0,0,1,0,0,0,0,0
reference,6,TM-6,1,1588,5,0,0,10,1,0,0,1,0.5,5,0,0,0,5,0,0,0,0,1,0.5,30,0,0.5,0,0,0,0,0,0,0,10,0,0,0,0,0,0,0,0,0,5,0,0,0,0,0,0,0,0,0,0,0,0,0,5,0,0,0,0,0,0,30,0,0
reference,6,TM-6,1,1588,6,0,0,15,0,0,0,0,0,5,0,0,0,10,0,0,0,0,0,0.5,0,0,0,0,0,0,0,0,0,0,10,0,0,0,0,0,0,0,0,0,0,0,0,0,0,0,0,0,0,0,0,0,0,0,5,0,0,0,15,0,0,30,0,0
reference,6,TM-6,1,1588,7,0,0,15,0,0,0,0.5,0,0.5,0,0,0,15,0,0,0,0,0,0,5,0,0.5,0,0,0,0,0,0,0,10,0,0,0,0,0,0,0,0,0,0,0,0,0,0,0,0,0.5,0,0,0,5,0,0,10,1,0,0.5,25,0,0,20,0,0
reference,6,TM-6,1,1588,8,0,0,1,0,0,0,0,0,15,0.5,0,0,5,0,0,0,0,0,0,0,0,1,0,0,0,0,0,0,0,0,0,0,0,0,0,0,0,0,0,0,0,0,0,0,0,0,0,0,0,0,0,0,0,15,15,0,0,30,0,0,15,5,0
reference,6,TM-6,1,1588,9,0,0,0,0,5,0,0,0,5,0.5,0,0,0,0,0,0,0,0,0.5,0,0,0,0,0,0,0,0,0,0,0,0,0,0,0,0,0,0,0,0,0,0,0,0,0,0,0,0,0,0,0,0,0,0,15,15,0,0,5,0,0,5,50,70
reference,6,TM-6,1,1588,10,0,0,0,0,5,0,0,0,0,10,0,0,0,0,0,0,0,0,0,0,0,0,0,0,1,0,0,0,0,1,0,0,0,0,0,0,10,0,0,1,0,0,0,0,0,0,0,0,0,0,1,0,10,20,20,0,5,20,0,0,0,0,0
trampled,7,TM-7,1,1668.5,1,0,0,0,0,1,0,0,0,0,5,0,0,0,0,0,0,0,0,0,0,0,0,0,0,0,0,0,0,0,0,0,0,0,0,0,0,0,0,0,0,0,0,0,0,0,0,0,0,0,0,0,0,0,0.5,5,0,0,20,0,0,0,0,0
trampled,7,TM-7,1,1668.5,2,0,0,0,0,5,0,0,0,0,1,0,0,0,0,0,0,0,0,0,0,0,0.5,0,0,0,0,0,0,0,0,0,0,0,0,0,0,0,0,0,0,0,0,0,0,0,0,0,0,0,0,0,0,0,1,1,0,0,5,0,0,0,0,0
trampled,7,TM-7,1,1668.5,3,0,0,0,0,1,0,0,0.5,0,5,5,0,0,0,0,0,0,0,0,0,0,0,0,0,0,0,0,0,0,0,0,0,0,0,0,0,0,0,0,0,0,0,0,0,0,0,0,0,0,0,0,0,0,10,10,0,0,30,0,0,0,0.5,0
trampled,7,TM-7,1,1668.5,4,0,0,0,0,1,0,0,0,0,10,0,0,0,0,0,0,0,0,0,0,0,0,0,0,0,0,0,0,0,0,0,0,0,0,0,0,0,0,0,0,0,0,0,0,0,0,0,0,0,0,0,0,0,25,35,0,0,50,0,0,0,5,0
trampled,7,TM-7,1,1668.5,5,0,0,0,0,10,0,0,0,0,5,0,0,0,0,0,0,0,0,0,0,0,0,0,0,0,0,0,0,0,0,0,0,0,0,0,0,0,0,0,0,0,0,0,0,0,0,0,0,0,0,0,0,0,15,20,0,0,15,0,0,0,0,0
trampled,7,TM-7,1,1668.5,6,0,0,0,0,25,0,0,0,0,5,0,0,0,0,0,0,0,0,0,0,0,0,0,0,0,0,0,0,0,0,0,0,0,0,0,0,0,0,0,0,0,0,0,0,0,0,0,0,0,0,0,0,0,5,15,0,0,25,0,0,0,0,0
trampled,7,TM-7,1,1668.5,7,0,0,0,0,0,0,0.5,0,0,10,25,0,0,0,0,0,0,0,0,0,0,1,0,0,5,0,0,0,0,0,0,0,0,0,0,0,0,0,0,0,0,0,0,0,0,0,0,0,0,0,0,0,0,20,20,0,0,40,0,0,0,5,10
trampled,7,TM-7,1,1668.5,8,0,0,0,0,0,0,0,0,0,20,10,0,0,0,0,0,0,0,0,0,0,0,0,0,0.5,0,0,0,0,0,0,0,0,0,0,0,0,0,0,0,0,0,0,0,0,0,0,0,0,0,0,0,0,35,25,0,0,45,0,0,0,0,0
trampled,7,TM-7,1,1668.5,9,0,0,0,0,0,0,0,0,0,10,0,0,0,0,0,0,0,0,0,0,0,0,0,0,0,0,0,0,0,0,0,0,0,0,0,0,0,0,0,0,0,0,0,0,0,0,0,0,0,0,0,0,0,20,20,0,0,25,0,0,0,0,0
trampled,7,TM-7,1,1668.5,10,0,0,0,0,0,0,0,0,0,10,0,0,0,0,0,0,0,0,0,0,0,0,0,0,0,0,0,0,0,0,0,0,0,0,0,0,0,0,0,0,0,0,0,0,0,0,0,0,0,0,0,0,0,35,30,0,0,30,0,0,0,0,0
reference,8,TM-8,1,1668.5,1,0,0,0,0,0,0,0.5,0,0,5,0,0,0,0,0,0,0,0,0,0,0,0.5,0,0,0,0,0,0,0,0,0,0,0,0,0,0,15,0,0,0,0,0,0,0,0,0,0,0,0,0,0,0,10,15,30,0,0,5,0,0,0,1,5
reference,8,TM-8,1,1668.5,2,0,0,0,0,0,0,0,0,0,5,0,0,0,0,0,0,0,0,0,0,0,0,0,0,0,0,0,0,0,0,0,0,0,0,0,0,0,0,0,0,0,0,0,0,0,0,0,0,0,0,5,0,15,15,10,0,0,10,0,0,0,0,0
reference,8,TM-8,1,1668.5,3,0,0,0,0,0,0,0,0.5,0,1,0,0,0,0,0,0,0,0,0,0,0,0.5,0,0,0,0,0,0,0,0,0,0,0,0,0,0,1,0,0,0,0,0,0,0,0,0,0,0,0,0,0,0,20,10,15,0,0,15,0,0,0,0.5,0
reference,8,TM-8,1,1668.5,4,0,0,0,0,0,0,0,0,0,1,0,0,0,0,0,0,0,0,0,0,0,0.5,0,0,0,0,0,0,0,0,0,0,0,0,0,0,5,0,0,0,0,0,0,0,0,0,0,0,0,0,0,0,5,15,15,0,0,5,0,0,0,0,0
reference,8,TM-8,1,1668.5,5,0,0,0,0,0,0,0,0,0,1,0,0,0,0,0,0,0,0,0,0,0,0.5,0,0,0,0,0,0,0,0,0,0,0,0,0,0,10,0,0,0,0,0,0,0,0,0,0,0,0,0,0,0,15,10,15,0,0,15,0,0,0,0.5,0
reference,8,TM-8,1,1668.5,6,0,0,0,0,0,0,0,0,0,1,0,0,0,0,0,0,0,0,0,0,0,0.5,0,0,0,0,0,0,0,0,0,0,0,0,0,0,5,0,0,0,0,0,0,0,0,0,0,0,0,0,0,0,10,5,10,0,0,5,0,0,0,0,0
reference,8,TM-8,1,1668.5,7,0,0,0,0,0,0,0,0,0,5,0,0,0,0,0,0,0,0,0,0,0,0,0,0,0,0,0,0,0,0,0,0,0,0,0,0,20,0,0,0,0,0,0,0,0,0,0,0,0,0,0,0,15,25,45,0,0,15,0,0,0,0,0
reference,8,TM-8,1,1668.5,8,0,0,0,0,0,0,0,0,0,15,0,0,0,0,0,0,0,0,0,0,0,0,0,0,0,0,0,0,0,0,0,0,0,0,0,0,15,0,0,0,0,0,0,0,0,0,0,0,0,0,0,0,5,30,50,0,0,25,0,0,0,0,0
reference,8,TM-8,1,1668.5,9,0,0,0,0,0,0,0,0,0,5,0,0,0,0,0,0,0,0,0,0,0,0,0,0,0,0,0,0,0,0,0,0,0,0,0,0,0,0,0,0,0,0,0,0,0,0,0,0,0,0,0,0,0,20,30,0,0,25,0,0,0,0,0
reference,8,TM-8,1,1668.5,10,0,0,0,0,0,0,0,0,0,0,0,0,0,0,0,0,0,0,0,0,0,0,0,0,0,0,0,0,0,0,0,0,0,0,0,0,0,0,0,0,0,0,0,0,0,0,0,0,0,0,0,0,0,15,5,0,0,20,0,0,0,0,20
trampled,9,BT-9,2,1698.2,1,0,0,0,0,0,0,0,0,0,5,0,0,0,0,0,0,0,0,0,0,0,0,0,0,0,0,0,0,0,0,0,0,0,0,0,0,0,0,0,5,0,0,0,0,1,0,0,0,0,0,0,0,0,10,0,0,0,10,0,0,0,0,0
trampled,9,BT-9,2,1698.2,2,0,0,0,0,0,0,0,0,0,1,0,0,0,0,0,0,0,0,0,0,0,0,0,0,0,0.5,0,0,0,0,0,0,0,0,0,0,0,0,0,5,0,0,0,0,0,0,0,0,0,0,0,0,0,5,0,0,0,0,0,0,0,0,0
trampled,9,BT-9,2,1698.2,3,0,0,0,0,0,0,0,0.5,0,10,0,0,0,0,0,0,0,0,0,0,0,0,0,0,0,0.5,0,0,0,0,0,0,0,0,0,0,0,0,0,0,0,0,0,0,0,0,0,0,0,0,0,0,0,10,0,0,0,0,0,0,0,0,0
trampled,9,BT-9,2,1698.2,4,0,0,0,0,0,0,0,0.5,0,15,0,0,0,0,0,0,0,0,0,0,0,0,0,0,0,0.5,0,0,0,0,0,0,0,0,0,0,0,0,0,1,0,0,0,0,0,0,0,0,0,0,0,0,0,10,0,0,0,0,0,0,0,0,0
trampled,9,BT-9,2,1698.2,5,0,1,0,0,0,0,0,1,0,25,0,0,0,0,0,0,0,0,0,0,0,0.5,0,0,0,0.5,0,0,0,0,0,0,0,0,0,0,0,0,0,1,0,0,0,0,0,0,0,0,0,0,0,0,0,15,0,0,0,0,0,0,0,0,0
trampled,9,BT-9,2,1698.2,6,0,0,0,0,0,0,0,0,0,15,0,0,0,0,0,0,0,0,0,0,0,0.5,0,0,0,0,0,0,0,0,0,0,0,0,0,1,0,0,0,0.5,0,0,0,0,0,0,0,0,0,0,0,0,0,20,0,0,0,10,0,0,0,0,0
trampled,9,BT-9,2,1698.2,7,0,0,0,0,0,0,0,0,0,10,0,0,0,0,0,0,0,0,0,0,0,0,0,0,0,0,0,0,0,0,0,0,0,0,0.5,0,5,0,0,0,0,0,0,0,0.5,0,0,0,0,0,0,0,0,15,0,0,0,15,0,0,0,0,0
trampled,9,BT-9,2,1698.2,8,0,0,0,0,0,0,0,0,0,15,0,0,0,0,0,0,0,0,0,0,0,0,0,0,0,0,0,0,0,0,0,0,0,0,0.5,0,1,0,0,0,0,0,0,0,0,0,0,0,0,0,0,0,0,15,0,0,0,10,0,0,0,0,0
trampled,9,BT-9,2,1698.2,9,0,0,0,0,0,0,0,0,0,20,0,0,0,0,0,0,0,0,0,0,0,0,0,0,0,0,0,0,0,0,0,0,0,0,0,0,1,0,0,0,0,0,0,0,0.5,0,0,0,0,0,0,0,0,15,0,0,0,15,0,0,0,0,0
trampled,9,BT-9,2,1698.2,10,0,0,0,0,0,0,0,0,0,5,0,0,0,0,0,0,0,0,0,0,0,0.5,0,0,0,0.5,0,0,0,0,0,0,0,0,0,0,0,0,0,0,0,0,0,0,0.5,0,0,0,0,0,0,0,0,10,0,0,0,20,0,0,0,0,0
reference,10,BT-10,2,1698.4,1,0,0,0,0,0,0,0,0,0,0,0,0,0,0,0,0,0,0,0,0,0,0,0,0,0,0,0,0,0,0,0,0,0,0.5,0,0,5,0,0.5,0,0,0,0,0,0,0,0,0,0,0,0,0,0,30,0,0,0,15,0,0,0,0,0
reference,10,BT-10,2,1698.4,2,0,0,0,0,0,0,0,0,0,0,0,0,0,0,0,0,0,0,0,0,0,0.5,0,0,0,0,0,0,0,0,0,0,0,0,0.5,0,1,0,0,0,0,0,0,0,0,0,0,0,0,1,0,0,0,25,0,0,0,10,0,0,0,0,0
reference,10,BT-10,2,1698.4,3,0,0,0,0,0,0,0,0,0,0,0,0,0,0,0,0,0,0,0,0,0,0,0,0,0,0,0,0,0,0,0,0,0,1,1,0,1,0,0,0,0,0,0,0,0,0,0,0,0,5,0,0,0,15,0,0,0,20,0,0,0,0,0
reference,10,BT-10,2,1698.4,4,0,0.5,0,0,0,0,0,0,0,1,0,0,0,0,0,0,0.5,0,0,0,0,0,0,0,0,0,0,0,0,0,0,0,0,0,0,0,5,0,0,0,0,0,0,0,0,0,0,0,0,0,0,0.5,0,10,0,0,0,30,0,0,0,0,0
reference,10,BT-10,2,1698.4,5,0,5,0,0,0,0,0,0.5,0,5,0.5,0,0,0,0,0,0.5,0,0,0,0,0,0,0,0,0,0,0,0,0,0,0,0,0,0,0,5,0,0,0,0,0,0,0,0,0,0,0,0,0,0,0,0,5,0,0,0,20,0,0,0,0,0
reference,10,BT-10,2,1698.4,6,0,0.5,0,0,0,0,0,0,0,1,1,0,0,0,0,0,0.5,0,0,0,0,0,0,0,0,0,0,0,0,0,0,0,0,0,0,0,0.5,0,0,0,0,0,0,0,0,0,0,0,0,0,0,0,0,35,0,0,0,15,0,0,0,0,0
reference,10,BT-10,2,1698.4,7,0,0,0,0,0,0,0,0,0,0.5,0,0,0,0,0,0,0,0,0,0,0,0,0,0,0,0,0,0,0,0,0.5,0,0,0,0,0,0.5,0,0,0,0,0,0,0,0,0,0,0,0.5,0,0,0,0,45,0,0,0,1,0,0,0,0,0
reference,10,BT-10,2,1698.4,8,0,0,0,0,0,0,0,0,0,1,0,0,0,0,0,0,0,0,0,0,0,0,0,0,0,0.5,0,0,0,0,1,0,0,0,0,0,1,0,0,0,0,0,0,0,0,0,0,0,1,0,0,0,0,40,0,0,0,5,0,0,0,0,0
reference,10,BT-10,2,1698.4,9,0,0,0,0,0,0,0,0,0,1,0,0,0,0,0,0,0,0,0,0,0,0,0,0,0,0,0,0,0,0,0,0,0,0,0,0,10,0,0,0,0,0,0,0,0,0,0,0,0,0,0,0,0,30,0,0,0,15,0,0,0,0,0
reference,10,BT-10,2,1698.4,10,0,0,0,0,0,0,0,0,0,1,0,0,0,0,0,0,0,0,0,0,0,0,0,0,0,0,0,0,0,0,0,0,0,0,0,0,1,0,0,0,0,0,0,0,0,0,0,0,0,0,0,0,0,10,0,0,0,5,0,0,0,0,0
trampled,11,BT-11,2,1723.8,1,0,0,0,0,0,0,0,0,0,0.5,0,0,0,0,0,0,0,0,0,0,0,0,0,0,0,0.5,0,0,0,0,0,0,5,0,0,0,0,0,0,0,0,0,0,0,0,0,0,0,0,0,0,0,0,10,0,0,0,50,0,0,0,0,0
trampled,11,BT-11,2,1723.8,2,0,0,0,0,0,0,0,0,0,0,0.5,0,0,0,0,0,0,0,0,0,0,0,0,0,0,0,0,0,0,0,0,0,5,0,0,0,0,0,0,0,0,0,0,0,0,0,0,0,0,0,0,0,0,20,0,0,0,30,0,0,0,0,0
trampled,11,BT-11,2,1723.8,3,0,0,0,0,0,0,0,0,0,0,0,0,0,0,0,0,0.5,0,0,0,0,0,0.5,0,0,0,0,0,0,0,0,0,0,0,0,0,0,0,0,0,0,0,0,0,0,0,0,0,0,0,0,0,0,15,0,0,0,25,0,0,0,0,0
trampled,11,BT-11,2,1723.8,4,0,0,0,0,0,0,0,0,0,0,0,0,0,0,0,0,0.5,0,0,0,0,0,0.5,0,0,0.5,0,0,0,0,0,0,0,0,0,0,0,0,0,0,0,0,0,0,0,0,0,0,0,0,0,0,0,5,0,0,0,25,0,0,0,0,0
trampled,11,BT-11,2,1723.8,5,0,0,0,0,0,0,0,0,0,0,0,0,0,0,0,0,0,0,0,0,0,0,0,0,0,0,0,0,0,0,0,0,0,0,0,0,0,0,0,0,0,0,0,0,0,0,0,0,0,0,0,0,0,5,0,0,0,0,0,0,0,0,0
trampled,11,BT-11,2,1723.8,6,0,0,0,0,0,0,0,0,0,0,0,0,0,0,0,0,0,0,0,0,0,0,0,0,0,1,0,0,0,0,0,0,0,0,0,0,0,0,0,0,0,0,0,0,0,0,0,0,0,0,0,0,0,10,0,0,0,5,0,0,0,0,0
trampled,11,BT-11,2,1723.8,7,0,0,0,0,0,0,0,0,0,0,0,0,0,0,0,0,0,0,0,0,0,0,0,0,0,0,0,0,0,0,0,0,0,0,0,0,0,0,0,0,0,0,0,0,0,0,0,0,0,0,0,0,0,5,0,0,0,10,0,0,0,25,0
trampled,11,BT-11,2,1723.8,8,0,0,0,0,0,0,0,0,0,0,0,0,0,0,0,0,0,0,0,0,0,0,0,0,0,0,0,0,0,0,0,0,0,0,0,0,0,0,0,0,0,0,0,0,0,0,0,0,0,0,0,0,0,5,0,0,0,5,0,0,0,1,0
trampled,11,BT-11,2,1723.8,9,0,0,0,0,0,0,0,0,0,0,0,0,0,0,0,0,0,0,0,0,0,0,0.5,0,0,0,0,0,0,0,0,0,0,0,0,0,0,0,0,0,0,0,0,0,0,0,0,0,0,0,0,0,0,5,0,0,0,5,0,0,0,0,0
trampled,11,BT-11,2,1723.8,10,0,0,0,0,0,0,0.5,0,0,0,0,0,0,0,0,0,1,0,0,0,0,0,0,0,0,0,0,0,0,0,0,10,0,0,0,0,0,0,0,0,0,0,0,0,0,0,0,0,0,0,0,0,0,40,0,0,0,0,0,0,0,70,0
reference,12,BT-12,2,1722,1,0,0,0,0,0,0,0.5,0,0,0,0,0,0,0,0,0,0,0,0,0,0,0,0.5,0,0,0,0,0,0,0,0,0,0,0,0,0,0,0,0,0,0,0,0,0,0,0,0,0,0,0,0,0,0,10,0,0,0,15,0,0,0,0,0
reference,12,BT-12,2,1722,2,0,0,0,0,0,0,0,0,0,0,0,0,0,0,0,0,10,0,0,0,0,0,0,0,0,0,0,0,0,0,0,0,0,0,0,0,0,0,0,0,0,0,0,0,0,0,0,0,0,0,0,0,0,25,0,0,0,40,0,0,0,0,0
reference,12,BT-12,2,1722,3,0,0,0,0,0,0,0,0,0,0,0,0,0,0,0,0,0,0,0,0,0,0,0,0,0,0,0,0,0,0,0,0,0,0,0,0,0,0,0,0,0,0,0,0,0,0,0,0,0,0,0,0,0,20,0,0,0,60,0,0,0,5,0
reference,12,BT-12,2,1722,4,0,5,0,0,0,0,0,0,0,0,0,0,0,0,0,0,0,0,0,0,0,0,0,0,0,0,0,0,0,0,0,0,0,0,0,0,0,0,0,0,0,0,0,0,0,0,0,0,0,0,0,0,0,20,0,0,0,80,0,0,0,5,0
reference,12,BT-12,2,1722,5,0,0,0,0,0,0,0.5,0,0,0,20,0,0,0,0,0,0,0,0,0,0.5,0,0,0,0,0.5,0,0,0,0,0,0,0,0,0,0,0,0,0,0,0,0,0,0,0,0,0,0,0,0,0,0,0,15,0,0,0,25,0,0,0,0,0
reference,12,BT-12,2,1722,6,0,1,0,0,0,0,0,0,0,0,5,0,0,0,0,0,5,0,0,0,0,0,0.5,0,0,0.5,0,0,0,0,0,0,0,0,0,0,0,0,0,0,0,0,0,0,0,0,0,0,0,0,0,0,0,30,0,0,0,0,0,0,0,10,0
reference,12,BT-12,2,1722,7,0,1,0,0,0,0,0,0,0,0,1,0,0,0,0,0,15,0,0,0,0,0,0,0,0,0,0,0,0,0,0,0,0,0,0,0,0,0,0,0,0,0,0,0,0,0,0,0,0,0,0,0,0,45,0,0,0,0,0,0,0,20,0
reference,12,BT-12,2,1722,8,0,1,0,0,0,0,0,0,0,0,0,0,0,0,0,0,10,0,0,0,0,0,0,0,0,0,0,0,0,0,0,0,0,0,0,0,0,0,0,0,0,0,0,0,0,0,0,0,0,0,0,0,0,15,0,0,0,0,0,0,0,80,0
reference,12,BT-12,2,1722,9,0,0,0,0,0,0,0,0,0,0,5,0,0,0,0,0,0,0,0,0,0,0,0,0,0,0,0,0,0,0,0,0,0,0,0,0,0,0,0,0,0,0,0,0,0,0,0,0,0,0,0,0,0,60,0,0,0,0,0,0,0,60,0
reference,12,BT-12,2,1722,10,0,0,0,0,0,0,0,0,0,0,0,0,0,0,0,0,0,0,0,0,0,0,0.5,0,0,0,0,0,0,0,0,0,0,0,0,0,0,0,0,0,0,0,0,0,0,0,0,0,0,0,0,0,0,40,0,0,0,0,0,0,0,60,0
trampled,13,BT-13,2,1740.2,1,0,0.5,0,0,0,0,0.5,0,0,10,1,0,0,0,0,0,0,0,0,0,0,0,0,0,0,5,0,0,0,0,0,0,0,0,0,0,0,0,0,0,0,0,0.5,0,0,0,0,0,0,0,0,0,0,10,0,0,0,0,0,0,0,0,0
trampled,13,BT-13,2,1740.2,2,0,1,0,0,0,0,1,0,0,10,0,0,0,0,0,0,0,0,0,0,0,0,0,0,0,1,0,0,0,0,0,0,0,0,0,0,0,0.5,0,0,0,0,0,0.5,0,1,0,0,0,0,0,0,0,5,0,0,0,0,0,0,0,0.5,0
trampled,13,BT-13,2,1740.2,3,0,0,0,0,0,0,0.5,0,0,10,0.5,0,0,0,0,0,0,0,0,0,0,0,0,0,0,1,0,0,0,0,0,0,0,0,0,0,0,0,0.5,0,0,0,0,0,0,0.5,0,0,0,0,0,0,0,15,0,0,0,0,0,0,0,0,0
trampled,13,BT-13,2,1740.2,4,0,0,0,0,0,0,0.5,0,0,15,5,0,0,0,0,0,1,0,0,0,0,0,0,0,0,5,0,0,0.5,0,0,0,0,0,0,0,0,0,0,0,0,0,0,0,0,0,0,0,0,0,0,0,0,15,0,0,0,0,0,0,0,0,0
trampled,13,BT-13,2,1740.2,5,0,0,0,0,0,0,0.5,0,0,15,0.5,0,0,0,0,0,0,0,0,0,0,0,0,0,0,5,0,0,0,0,0,0,0,0,0,0,0,0,0,0,0,0,0,0,0,0,0,0,0,0,0,0,0,15,0,0,0,0,0,0,0,0.5,0
trampled,13,BT-13,2,1740.2,6,0,0.5,0,0,0,0,0,0,0,30,5,0,0,0,0,0,0,0,0,0,0,0,0,0,0,0,0,0,0,0,0,0,0,0,0,0,0,0,0,0,0,0,0,0,0,0.5,0,0,0,0,0,0,0,15,60,0,0,0,0,0,0,30,0
trampled,13,BT-13,2,1740.2,7,0,1,0,0,0,0,0,0,0,35,5,0,0,0,0,0,0,0,0,0,0,0,0,0,0,1,0,0,0,0,0,0,0,0,0,0,0,0,0,0,0,0,0,0,0,0,0,0,0,0,0,0,0,15,0.5,0,0,0,0,0,0,10,0
trampled,13,BT-13,2,1740.2,8,0,1,0,0,0,0,0,0,0,10,0,0,0,0,0,0,0,0,0,0,0,0,0,0,0,0.5,0,0,0.5,0,0,0,0,0,0,0,0,0,0,0,0,0,0,0,0.5,0,0,0,0,0,0,0,0,5,30,0,0,0,0,0,0,5,0
trampled,13,BT-13,2,1740.2,9,0,5,0,0,0,0,0,0,0,1,1,0,0,0,0,0,1,0,0,0,0,0,0,0,0,1,0,0,0,0,0,0,0,0,0,0,0,0,0,0,0,0,0,0,0,0,0,0,0,0,0,0,0,5,70,0,0,0,0,0,0,1,0
trampled,13,BT-13,2,1740.2,10,0,10,0,0,0,0,0.5,0,0,5,0.5,0,0,0,0,0,5,0,0,0,0.5,0,0,0,0,0.5,0,0,0,0,0,0,0,0,0,0,0,0,0,0,0,0,0,0,0,0.5,0,0,0,0,0,0,0,30,45,0,0,0,0,0,0,35,0
reference,14,BT-14,2,1742.7,1,0,1,0,0,0,0,0.5,0,0,1,10,0,0,0,0,0,5,0,0,0,0,0,0,0,0,0,0,0,0,0,5,0,0,0,0,0,1,0,0,1,0,0,0,0,0,0.5,0,0,5,0,0,0,0,1,25,5,0,0.5,0,0,0,15,0
reference,14,BT-14,2,1742.7,2,0,1,0,0,0,0,0,0,0,0,0.5,0,0,0,0,0,0,0,0,0,0,0,0,0,0,0.5,0,0,0,0,0,0,0,0,0,0,0,0,0,0,0,0,0,0,0,0,0,0,0,0,0,0,0,1,50,0,0,50,0,0,0,0,0
reference,14,BT-14,2,1742.7,3,0,1,0,0,0,0,0,0,0,0,0,0,0,0,0,0,1,0,0,0,0,0,0,0,0,0,0,0,0,0,0,0,0,0,0,0,0,0,0,0,0,0,0,0,0,0,0,0,0,0,0,0,0,1,1,0,0,90,0,0,0,0,0
reference,14,BT-14,2,1742.7,4,0,0.5,0,0,0,0,0,0.5,0,1,0.5,0,0,0,0,0,1,0,0,0,0,0,0,0,0,0,0,0,0,0,0,0,0,0,0,0,1,0,0,0,0,0,0,0,0,0,0,0,1,1,0,0,0,5,15,0,0,25,0,0,0,0,0
reference,14,BT-14,2,1742.7,5,0,0.5,0,0,0,0,0,0,0,1,0.5,0,0,0,0,0,5,0,0,0,0,0,0,0,0,0,0,0,0,0,0,0,0,0,0,0,0,0,0,0,0,0,0,0,0,0,0,0,0,0,0,0,0,1,70,0,0,0,0,0,0,0,0
reference,14,BT-14,2,1742.7,6,0,0.5,0,0,0,0,0,0,0,1,1,0,0,0,0,0,1,0,0,0,0,0,0,0,0,0.5,0,0,0.5,0,0,0,0,0,0,0,0,0,0,0,0,0,0,0,0,0,0,0,0,0,0,0,0,5,70,0,0,0,0,0,0,0.5,0
reference,14,BT-14,2,1742.7,7,0,0.5,0,0,0,0,0,0,0,1,1,0,0,0,0,0,0,0,0,0,0,0,0,0,0,0.5,0,0,0.5,0,0,0,0,0,0,0,0,0,0,0,0,1,0,0,0,1,0,0,0,0,0,0,0,15,40,0,0,0,0,0,0,5,0
reference,14,BT-14,2,1742.7,8,0,0.5,0,0,0,0,0,0.5,0,0.5,0.5,0,0,0,0,0,10,0,0,0,0,0,0,0,0,0.5,0,0,0,0,0,0,0,0,0,0,0,0,0,1,0,0,0,0,1,0.5,0,0,0,0,0,0,0,10,10,0,0,0,0,0,0,1,0
reference,14,BT-14,2,1742.7,9,0,0,0,0,0,0,0,0.5,0,5,0.5,0,0,0,0,0,0,0,0,0,0.5,0,0.5,0,0,0,0,0,0,0,0,0,0,0,0,0,0,0,1,0,0,0,0,0,0,0.5,0,0,0,0,0,0,0,25,0,0,0,0,0,0,0,10,0
reference,14,BT-14,2,1742.7,10,0,0,0,0,0,0,0,0.5,0,1,1,0,0,0,0,0,0,0,0,0,0.5,0,0.5,0,0,0,0,0,0.5,0,0,0,0,1,0,0,0,0,0,0,0,0,0,0,0,0.5,0,0,0,0,0,0,0,20,10,0,0,0,0,0,0,10,0
trampled,15,BT-15,2,1983.2,1,0,0,0,0,0,0,0,0,0,1,0,0,0,0,0,0,0,0,0,0,0,0,0,0,0,0,0,0,0,0,0,0,0,0,0,0,0,0,0,0,0,0,0,0,0,0,0,0,0,0,0,0,0,0,1,0,0,0,0,0,0,0,0
trampled,15,BT-15,2,1983.2,2,0,0,0,0,0,0,0,0,0,0.5,0,0,0,0,0,0,0,0,0,0,0,0,0,0,0,0,0,0,0,0,0,0,0,0,0,0,0,0,0,0,0,0,0,0,0,0,0,0,0,0,0,0,0,0,1,0,0,0,0,0,0,0,0
trampled,15,BT-15,2,1983.2,3,0,0,0,0,0,0,0,0,0,0,0,0,0,0,0,0,0,0,0,0,0,0,0,5,0,0,0,0,0,0,0,0,0,0,0,0,0,0,0,0,0,0,0,0,0,0,0,0,0,0,0,0,0,0,0,0,0,0,0.5,0,0,0,0
trampled,15,BT-15,2,1983.2,4,0,0,0,0,0,0,0,0,0,1,0,0,0,0,0,0.5,0,0,0,0,0,0,0,0,0,0,0,0,0,0,0,0.5,0,0,0,0,0,0,0,0,0,0,0,0,0,0,0,0,0,0,0,0,0,0,0.5,0,0,0,0.5,0,0,0,0
trampled,15,BT-15,2,1983.2,5,0,0,0,0,0,0,0,0,0,0,0,0,0,0,0,0,0,0,0,0,0,0,0,0,0,0,0,0,0,0,0,1,0,0,0,0,0,0,0,0,0,0,0,0,0,0,0,0,0,0,0,0,0,0,1,0,0,0,0,0,0,0,0
trampled,15,BT-15,2,1983.2,6,0,0,0,0,0,0,0,0,0,1,0,0,0,0,0,0,0,0,0,0,0,0,0,0,0,0,0,0,0,0,0,0.5,0,0,0,0,0,0,0,0,0,0,0,0,0,0,0,0,0,0,0,0,0,0,0.5,0,0,0,0.5,0,0,0,0
trampled,15,BT-15,2,1983.2,7,0,0,0,0,0,0,0,0,0,5,0,0,0,0,0,0,0,0,0,0,0,0,0,0,0,0,0,0,0,0,0,0,0,0,0,0,0,0,0,0,0,0,0,0,0,0,0,0,0,0,0,0,0,0,5,0,0,0,0.5,0,0,0,0
trampled,15,BT-15,2,1983.2,8,0,0,0,0,0,0,0,0,0,0.5,0,0,0,0,0,0,0,0,0,0,0,0,0,0,0,0,0,0,0,0,0,0,0,0,0,0,0,0,0,0,0,0,0,0,0,0,0,0,0,0,0,0,0,0,1,0,0,0,5,0,0,0.5,0
trampled,15,BT-15,2,1983.2,9,0,0,0,0,0,0,0,0,0,1,0,0,0,0,0,0,0,0,0,0,0,0,0,0,0,0,0,0,0,0,0,0,0,0,0,0,0,0,0,0,0,0,0,0,0,0,0,0,0,0,0,0,0,0,1,0,0,0,1,0,0,0,0
trampled,15,BT-15,2,1983.2,10,0,0,0,0,0,0,0,0,0,0.5,0,0,0,0,0,0,0,0,0,0,0,0,0,0,0,0,0,0,0,0,0,0,0,0,0,0,0,0,0,0,0,0,0,0,0,0,0,0,0,0,0,0,0,0,0,0,0,0,0,0,0,0,0
reference,16,BT-16,2,1983.1,1,0,0,0,0,0,0,0,0,0,5,0,0,0,0,0,0,0,0,0,0,0,0,0,0,0,0,0,0,0,0,0,0,0,0,0,0,0,0,0,0,0,1,0,0,0,0,0,0,1,0,0,0,0,0,25,0,0,0,0,10,0,25,0
reference,16,BT-16,2,1983.1,2,0,0,0,0,0,0,0,0,0,0.5,0,0,0,0,0,0.5,0,0,0,0,0,0,0,0,0,0,0,0,0,0,0,1,0.5,0,0,0,0,0,0,0,0,0,0,0,0,0,0,0,0,0,0,0,0,0,30,0,0,0,10,1,0,50,0
reference,16,BT-16,2,1983.1,3,0,0,0,0,0,0,0,0,0,0.5,0,0,0,0,1,0.5,0,0,0,0,0,0,0,0,0,0,0,0,0,0,0,0.5,0,0,0,0,0,0,0,0,0,0,0,0,0,0,0,0,0,0,0,0,0,0,0,0,0,0,5,0,0,10,0
reference,16,BT-16,2,1983.1,4,0,0,0,0,0,0,0,0,0,0.5,0,0,0,0,0,0.5,0,0,0,0,0,0,0,0,0,0,0,0,0,0,0,5,0,0,0,0,0,0,0,0,0,0,0,0,0,0,0,0,0,0,0,0,0,0,0,0,0,0,10,0,0,0,0
reference,16,BT-16,2,1983.1,5,0,0,0,0,0,0,0,0,0,0.5,0,0,0,0,0,0,0,0,0,0,0,0,0,0,0,0,0,0,0,0,0,5,0,0,0,0,0,0,0,0,0,0,0,0,0,0,0,0,0,0,0,0,0,0,0,0,0,0,25,0,0,1,0
reference,16,BT-16,2,1983.1,6,0,0,0,0,0,0,0,0,0,0,0,0,0,0,0,0,0,0,0,0,0,0,0,0,0,0,0,0,0,0,0,0.5,0.5,0,0,0,0,0,0,0,0,0,0,0,0,0,0,0,0,0,0,0,0,0,0,0,0,0,0.5,0,0,0,0
reference,16,BT-16,2,1983.1,7,0,0,0,0,0,0,0,0,0,0,0,0,0,0,0,0,0,0,0,0,0,0,0,0,0,0,0,0,0,0,0,0,0,0,0,0,0,0,0,0,0,0,0,0,0,0,0,0,0,0,0,0,0,0,0,0,0,0,5,0,0,50,0
reference,16,BT-16,2,1983.1,8,0,0,0,0,0,0,0,0,0,0,0,0,0,0,0,0,0,0,0,0,0,0,0,0,0,0,0,0,0,0,0,5,0,0,0,0,0,0,0,0,0,0,0,0,0,0,0,0,0,0,0,0,0,0,0,0,0,0,15,0,0,0,0
reference,16,BT-16,2,1983.1,9,0,0,0,0,0,0,0,0,0,0,0,0,0,0,0,0.5,0,0,0,0,0,0,0,0,0,0,0,0,0,0,0,0.5,0,0,0,0,0,0,0,0,0,0,0,0,0,0,0,0,0,0,0,0,0,0,0,0,0,0,10,0,0,0,0
reference,16,BT-16,2,1983.1,10,0,0,0,0,0,0,0,0,0,0,0,0,0,0,0,0,0,0,0,0,0,0,0,0,0,0,0,0,0,0,0,0.5,0,0,0,0,0,0,0,0,0,0,0,0,0,0,0,0,0,0,0,0,0,0,0,0,0,0,30,0,0,0.5,0
trampled,17,PR-17,3,1769.9,1,0,0,0,0,0.5,0,0,0.5,0,10,0,0,0,0,0,0,0,0,0,0,0,0,0,0,0.5,0.5,0,0.5,0,0,0,0,0,0,0,0,0,0,0,0,0,0,0,0,0,0,0,0,0,0,0,0,0,0,5,0,0,0,0,0,0,0.5,0
trampled,17,PR-17,3,1769.9,2,0,0,0,0,0,0,0,0,0,5,0,0,0,0,0,0,0,0,0,0,0,0,0,0,0,0,0,0,0,0,0,0,0,0,0,0,0,0,0,0,0,0,0,0,0,0,0,0,0,0,0,0,0,0,0,0,0,0,0,0,0,0,0
trampled,17,PR-17,3,1769.9,3,0,0,0,0,0,0,0,0,0,0,0,0,0,0,0,0,0,0,0,0,0,0,0,0,0,0,0,0,0,0,0,0,0,0,0,0,0,0,0,0,0,0,0,0,0,0,0,0,0,0,0,0,0,0,0,0,0,0,0,0,0,0.5,0
trampled,17,PR-17,3,1769.9,4,0,0,0,0,0,0,0,0,0,10,0,0.5,0,0,0,0,0,0,0,0,0,0,0,0,0,0,0,0,0,0,0,0,0,0,0,0,0,0,0,0,0,0,0,0,0,0,0,0,0,0,0,0,0,0,0,0,0,0,0,0,0,0,0
trampled,17,PR-17,3,1769.9,5,0,0,0,0,0,0,0,0.5,0,5,0,0,0,0,0,0,0,0,0,0,0,0,0,0,10,0,0,0,0.5,0,0,5,0,0,0,0,0,0,0,0,0,0,0,0,0,0,0,0,0,0,0,0,0,0,1,0,0,0,0,0,0,0,0
trampled,17,PR-17,3,1769.9,6,0,0,0,0,0,0,0,1,0,10,0,0,0,0.5,0,0,0,0,0,0,0,0,0,0,1,5,0,0,0,0,0,0,0,0,0,0,0,0,0,0,0,0,0,0,0,0,0,0,0,0,0,0,0,0,0,0,0,0,0,0,0,0,0
trampled,17,PR-17,3,1769.9,7,0,0,0,0,0,0,0,1,0,15,0,0,0,0,0,0,0,0,0,0,0,0,0,0,0,25,0,0,0,0,0,0,0,0,0,0,0,0,0,0,0,0,0,0,0,0,0,0,0,0,0,0,0,0,5,0,0,0,0,0,0,0,0
trampled,17,PR-17,3,1769.9,8,0,0,0,0,15,0,0,0.5,0,10,0,0,0,0,0,0,0,0,0,0,0,0,0,0,5,5,0,0,0.5,0,0,0,0,0,0,0,0,0,0,0,0,0,0,0,0,0,0,0,0,0,0,0,5,0,45,0,0,0,0,0,0,0,0
trampled,17,PR-17,3,1769.9,9,0,0,0,0,5,0,0,0,0,40,0,0,0,0,0,0,0,0,0,0,0,0,0,0,5,1,0,0,1,0,0,0,0,0,0,0,0,0,0,0,0,0,0,0,0,0,0,0,0,0,0,0,0,0,0,0,0,0,0,0,0,0,0
trampled,17,PR-17,3,1769.9,10,0,0,0,0,0,0,0,0,0,1,0,0,0,0,0,0,0,0,0,0,0,0,0,0,0,0,0,0,0,0,0,0,0,0,0,0,0,0,0,0,0,0,0,0,0,0,0,0,0,0,0,0,0,0,0,0,0,0,0,0,0,0,0
reference,18,PR-18,3,1769.9,1,0,0,0.5,0,20,0.5,0,0.5,0,1,0,0,0,0.5,0,0,0.5,0,0,0,0,0,0,0,0.5,0,0,0.5,0,0,0,15,0,0,0,0,0,0,0,0,0,0,0,0,0,0,0,0,0,0,0,0,5,0,5,0,0,1,5,0,0,0.5,0
reference,18,PR-18,3,1769.9,2,0,0,0,0,0,0.5,0,0.5,0,5,0,0,0,0,0,0,0,0,0,0,0,0,0,0,0.5,0,0,0.5,0,0,0,15,0,0,0,0,0,0,0,0,0,0,0,0,0,0,0,0,0,0,0,0,1,0,30,0,0,5,0,0,0,0.5,0
reference,18,PR-18,3,1769.9,3,0,0,0,0,0,0,0,0.5,0,5,0,0,0,0,0,0,0,0,0,0,0,0,0,0,0.5,0,0,0.5,0,0,0,35,0,0,0,0,0,0,0,0,0,0,0,0,0,0.5,0,0,0,0,0,0,1,0,20,0,0,5,0,0,0,0,0
reference,18,PR-18,3,1769.9,4,1,0.5,1,0.5,0,0.5,0.5,0.5,0,0.5,0,0,0,1,0,0,0,0,0,0,0,0.5,0,0,0.5,0.5,0,0.5,0.5,0,0,15,0,0,0,0,0,0,0,0,0,0,0,0,0,0.5,0,0,0,0,0,0,1,0,5,0,0,15,0,0,0,0.5,0
reference,18,PR-18,3,1769.9,5,0.5,0,1,0.5,0,0.5,1,1,0,1,0,0,0,5,0,0,1,0.5,0,0,0,0.5,0,0,0.5,0.5,0,0.5,0.5,0,0,30,0,0,0,0,0,0,0,0,0,0,0,0,0,0.5,0,0,0,0,0,0,10,0,5,0,0,0,0,0,0,0.5,0
reference,18,PR-18,3,1769.9,6,0,0.5,1,1,0,0.5,0,1,0,5,0,0,0,5,0,0,1,0.5,0,0,0,0,0,0,0.5,0.5,0,0.5,0,0,0,0.5,1,0,0,0,0,0,0,0,0,0,0,0,0,0.5,0,0,0,0,0,0,5,0,10,0,0,10,0,0,0,0,0
reference,18,PR-18,3,1769.9,7,0.5,0,10,0,0,0,0,1,0,10,0,0,0,5,0,0,0,0,0,0,0,0,0,0,0,0.5,0,0,0,0,0,0,0,0,0,0,0,0,0,0,0,0,0,0,0,0,0,0,0,0,0,0,0,0,70,0,0,15,0,0,0,0,0
reference,18,PR-18,3,1769.9,8,0,0,5,1,0,0,0,0.5,0,15,0,0,0,1,0,0,0,0,0,0,0,0,0,0,0,0,0,0,0,0,0,5,0,0,0,0,0,0,0,0,0,0,0,0,0,0,0,0,0,0,0,0,0,0,90,0,0,0,0,0,0,0,0
reference,18,PR-18,3,1769.9,9,0,0,0,0,0,0,0,0.5,0,35,0,0,0,0,0,0,0,0,0,0,0,0,0,0,0,0.5,0,0,0,0,0,15,0,0,0,0,0,0,0,0,0,0,0,0,0,0,0,0,0,0,0,0,0,0,40,0,0,15,5,0,0,0,0
reference,18,PR-18,3,1769.9,10,0,1,0,0,0,0,0,0.5,0,15,0,0,0,0,0,0,0,0,0,0,0,0,0,0,0,0,0,0,0,0,0,5,0,0,0,0,0,0,0,0,0,0,0,0,0,0,0,0,0,0,0,0,0,0,30,0,0,15,10,0,0,0.5,0
trampled,19,PR-19,3,1758.7,1,0,0,0,0,0,0,0,0.5,0,1,0,0,0,0,0,0,0,0,0,0,0,0,0,0,5,0,0,1,0,0,0,0.5,0,0,0,0,0,0,0,0,0,0,0,0,0,0,0,0,0,0,0,0,0,0.5,0,0,0,0.5,0,0,0,0,0
trampled,19,PR-19,3,1758.7,2,0,0,0,0,0,0,0.5,1,0,15,0,0,0,0,0,0,0,0,0,0,0,0.5,0,0,1,0,0,0.5,0,0,0,0.5,0,0,0,0,0,0,0,0,0,0,0,0,0,0,0,0,0,0,0,0,0,5,1,0,0.5,0,0,0,0,0,0
trampled,19,PR-19,3,1758.7,3,0,0,0,0,0,0,0.5,1,0,45,0,0,0,0,0,0,0,0,0,0,0,0.5,0,0,1,0,0,0.5,0,0,0,0.5,0,0,0,0,0,0,0,0,0,0,0,0,0,0,0,0,0,0,0,0,0,5,1,0,0.5,5,0,0,0,0,0
trampled,19,PR-19,3,1758.7,4,0,0,0,0,0,0,0,0.5,0,20,0,0,0,0,0,0,0,0,0,0,0,0.5,0,0,5,10,0,1,0,0,0,0,0,0,0,0,0,0,0,0,0,0,0,0,0,0,0,0,0,0,0,0,0,5,5,0,0,15,0,0,0,0,0
trampled,19,PR-19,3,1758.7,5,0,0,0,0,0,0,0,1,0,5,0,0,0,0,0,0,0,0,0,0,0,1,0,0,10,5,0,1,0,0,0,0.5,0,0,0,0,0,0,0,0,0,0,0,0,0,0.5,0,0,0,0,0,0,0,0.5,0.5,0,0,0,0,0,0,0,0
trampled,19,PR-19,3,1758.7,6,0,0,0,0,0,0,0,0.5,0,1,0,0,0,0,0,0,0,0,0,0,0,0.5,0,0,10,0,0,5,0,0,0,0.5,0,0,0,0,0,0,0,0,0,0,0,0,0,0,0,0,0,0,0,0,0,0,0,0,0,0,0,0,0,0,0
trampled,19,PR-19,3,1758.7,7,1,0,0,0,0,0,0,0.5,0,0.5,0,0,0,0,0,0,0,0,0,0,0,0.5,0,0,10,0,0,0.5,0,0,0,5,0,0,0,0,0,0,0,0,0,0,0,0,0,0,0,0,0,0,0,0,0,0,0.5,0,0.5,0,0,0,0,0,0
trampled,19,PR-19,3,1758.7,8,5,0,0,0,0,0,0,0.5,0,1,0,0,0,0,0,0,0,0,0,0,0,0.5,0,0,5,0,0,0.5,0,0,0,1,0,0,0,0,0,0,0,0,0,0,0,0,0,0,0,0,0,0,0,0,0,0,0.5,0,0,0,0,0,0,0,0
trampled,19,PR-19,3,1758.7,9,15,0,1,0,0,0,0.5,0,0,5,0,0,0,0,0,0,0,0,0,0,0,0.5,0,0,1,0,0,0.5,0,0,0,5,1,0,0,0,0,0,0,0,0,0,0,0,0,0.5,0,0,0,0,0,0,0,0,0,0,0,0,0,0,0,0,0
trampled,19,PR-19,3,1758.7,10,1,0,0.5,0,0,0,0.5,0,0,1,0,0,0,0,0,0,0,0,0,0,0,0,0,0,10,1,0,1,0,0,0,1,0,0,0,0,0,0,0,0,0,0,0,0,0,0,0,0,0,0,0,0,0,0,0.5,0,0,0,0,0,0,0,0
reference,20,PR-20,3,1758.3,1,0,0,0,0,60,0,0.5,0.5,0,15,0,0,0,0,0,0,0,0,0,0,0,1,0,0,0,0,0,0,0,0,0,15,0,0,0,0,0,0,0,0,0,0,0,0,0,0,0,0,0,0,0,0,0,40,25,0,5,10,0,0,0,0.5,0
reference,20,PR-20,3,1758.3,2,0,0,0,0,40,0,0.5,0.5,0,15,0,0,0,0,0,0,0,0,0,0,0,0.5,0,0,0,0,0,0,0,0,0,10,0,0,0,0,0,0,0,0,0,0,0,0,0,0,0,0,0,0,0,0,0,30,25,0,5,5,0,0,0,0,0
reference,20,PR-20,3,1758.3,3,0,0,0,0,35,0,0.5,0,0,10,0,0,0,0,0,0,0,0,0,0,0,0.5,0,0,0,0,0,0,0.5,0,0,5,0,0,0,0,0,0,0,0,0,0,0,0,0,0,0,0,0,0,0,0,0,40,20,0,1,5,0,0,0,0,0
reference,20,PR-20,3,1758.3,4,0,0,0,0,20,0,0,0.5,0,10,0,0,0,0,0,0,0,0,0,0,0,0.5,0,0,0,0,0,0,1,0,0,15,0,0,0,0,0,0,0,0,0,0,0,0,0,0,0,0,0,0,0,0,50,20,15,0,5,5,0,0,0,0,0
reference,20,PR-20,3,1758.3,5,0,0,0,0,45,0,0.5,0.5,0,15,0,0,0,0,0,0,0,0,0,0,0,0.5,0,0,0.5,0,0,0,0,0,0,10,0,0,0,0,0,0,0,0,0,0,0,0,0,0,0,0,0,0,0,0,10,35,15,0,10,25,0,0,0,0,0
reference,20,PR-20,3,1758.3,6,0,0,0,0,0,0,0,0.5,0,15,0,0,0,0,0,0,0,0,0,0,0,0.5,0,0,5,0.5,0,0,0,0,0,25,0,0,0,0,0,0,0,0,0,0,0,0,0,0,0,0,0,0,0,0,0,35,20,0,10,15,0,0,0,0,0
reference,20,PR-20,3,1758.3,7,0,0,0,0,0,0,0.5,0.5,0,25,0,0,0,0,0,0,0,0,0,0,0,0.5,0,0,1,0.5,0,0,0,0,0,20,0,0,0,0,0,0,0,0,0,0,0,0,0,0,0,0,0,0,0,0,0,30,25,0,10,0,0,0,0,0,0
reference,20,PR-20,3,1758.3,8,0,0,0,0,0,0,0.5,0.5,0,20,0,0,0.5,0,0,0,0,0,0,0,0,0,0,0,15,0.5,0,0,0.5,0,0,15,0,0,0,0,0,0,0,0,0,0,0,0,0,0,0,0,0,0,0,0,10,20,25,0,5,5,0,0,0,0,0
reference,20,PR-20,3,1758.3,9,0,0,0,0,0,0,0.5,0.5,0,40,0,0,0,0,0,0,0,0,0,0,0,1,0,0,10,5,0,0,0,0,0,5,0,0,0,0,0,0,0,0,0,0,0,0,0,0,0,0,0,0,0,0,5,5,45,0,0,0,0,0,0,0,0
reference,20,PR-20,3,1758.3,10,0,0,0,0,0,0,0.5,0.5,0,25,0,0,0,0,0,0,0,0,0,0,0,0,0,0,5,1,0,0,0,0,0,15,0,0,0,0,0,0,0,0,0,0,0,0,0,0,0,0,0,0,0,0,0,0,40,0,0,0,0,0,0,0.5,0
trampled,21,PR-21,3,1765.6,1,0,0,0,0,0,0,0,0,0,1,0,0,0,0,0,0,0,0,0,0,0,0,0,0,35,1,0,0,0,0,0,0,0,0,0,0,0,0,0,0,0,0,0,0,0,0,0,0,0,0,0,0,0,0.5,0,0,0,0,0,0,0,0,0
trampled,21,PR-21,3,1765.6,2,0,0,0,0,0,0,0,0,0,20,0,0,0,0,0,0,0,0,0,0,0,0,0,0,20,0.5,0,0,0,0,0,0,0,0,0,0,0,0,0,0,0,0,0,0,0,0,0,0,0,0,0,0,0,25,20,0,0,0,0,0,0,0,0
trampled,21,PR-21,3,1765.6,3,0,0,0,0,0,0,0,0,0,1,0,0,0,0,0,0,0,0,0,0,0,0,0,0,10,5,0,0,5,0,0,0,0,0,0,0,0,0,0,0,0,0,0,0,0,0,0,0,0,0,0,0,0,1,0,0,0,0,0,0,0,0,0
trampled,21,PR-21,3,1765.6,4,0,0,0,0,0,0,0,0,0,0.5,0,0,0,0,0,0,0,0,0,0,0,0,0,0,1,1,0,0,0.5,0,0,0,0,0,0,0,0,0,0,0,0,0,0,0,0,0,0,0,0,0,0,0,0,0.5,0,0,0,0,0,0,0,0,0
trampled,21,PR-21,3,1765.6,5,0,0,0,0,0,0,0,0,0,1,0,0,0,0,0,0,0,0,0,0,0,0.5,0,0,0.5,1,0,0,0.5,0,0,0,0,0,0,0,0,0,0,0,0,0,0,0,0,0,0,0,0,0,0,0,0,0.5,1,0,0,0,0,0,0,0,0
trampled,21,PR-21,3,1765.6,6,0,0,0,0,0,0,0,0,0,10,0,0,0,0,0,0,0,0,0,0,0,0,0,0,0.5,1,0,0,5,0,0,0,0,0,0,0,0,0,0,0,0,0,0,0,0,0,0,0,0,0,0,0,0,5,0,0,0,0,0,0,0,0,0
trampled,21,PR-21,3,1765.6,7,0,0,0,0,0,0,0,0,0,5,0,0,0,0,0,0,0,0,0,0,0,0,0,0,1,5,0,0,0.5,0,0,0,0,0,0,0,0,0,0,0,0,0,0,0,0,0,0,0,0,0,0,0,0,5,0,0,0,0,0,0,0,0,0
trampled,21,PR-21,3,1765.6,8,0,0,0,0,0,0,0,0,0,10,0,0,0,0,0,0,0,0,0,0,0,0,0,0,0.5,5,0,0,0.5,0,0,0,0,0,0,0,0,0,0,0,0,0,0,0,0,0,0,0,0,0,0,0,0,35,1,0,0,15,0,0,0,0,0
trampled,21,PR-21,3,1765.6,9,0,0,0,0,0,0,0,0,0,5,0,0,0,0,0,0,0,0,0,0,0,0,0,0,0.5,1,0,0,0,0,0,1,0,0,0,0,0,0,0,0,0,0,0,0,0,0,0,0,0,0,0,0,0,20,0,0,0,5,0,0,0,0,0
trampled,21,PR-21,3,1765.6,10,0,0,0,0,0,0,0,0,0,5,0,0,0,0,0,0,0,0,0,0,0,0,0,0,0,0.5,0,0,0,0,0,10,0,0,0,0,0,0,0,0,0,0,0,0,0,0,0,0,0,0,0,0,0,30,0,0,0,25,0,0,0,5,0
reference,22,PR-22,3,1765.9,1,0,0,0,0,0,0,0,1,0,40,0,0,0,0,0,0,0,0,0,0,0,0.5,0,0,40,0,0,0,0,0,0,15,0,0,0,0,0,0,0,0,0,0,0,0,0,1,0,0,0,0,0,0,0,1,15,0,0,0,0,0,0,0,0
reference,22,PR-22,3,1765.9,2,0,0,0,0,0,0,0,1,0,30,0,0,0,0,0,0,0,0,0,0,0,0,0,0,15,0.5,0,0,0,0,0,5,0,0,0,0,0,0,0,0,0,0,0,0,0,0,0,0,0,0,0,0,0,0,40,0,0,0,0,0,0,0,0
reference,22,PR-22,3,1765.9,3,0,0,0,0,0,0,0,1,0,35,0,0,0,0,0,0,0,0,0,0,0,0.5,0,0,10,0.5,0,0,0,0,0,5,0,0,0,0,0,0,0,0,0,0,0,0,0,0,0,0,0,0,0,0,0,0,50,0,0,0,0,0,0,0.5,0
reference,22,PR-22,3,1765.9,4,0,0,0,0,0,0,0.5,1,0,20,0,0,0,0,0,0,0,0,0,0,0,0,0,0,15,0,0,0,0,0,0,1,0,0,0,0,0,0,0,0,0,0,0,0,0,0,0,0,0,0,0,0,0,5,35,0,0,0,0,0,0,0,0
reference,22,PR-22,3,1765.9,5,0,0,0,0,0,0,0.5,0.5,0,20,0,0,0,0,0,0,0,0,0,0,0,0.5,0,0,5,0.5,0,0,0,0,0,1,0,0,0,0,0,0,0,0,0,0,0,0,0,0,0,0,0,0,0,0,0,5,45,0,0,5,0,0,0,0,0
reference,22,PR-22,3,1765.9,6,0,0,0,0,0,0,0,0,0,30,0,0,0,0,0,0,0,0,0,0,0,0.5,0,0,5,0,0,0,0,0,0,0.5,0,0,0,0,0,0,0,0,0,0,0,0,0,0,0,0,0,0,0,0,0,10,40,0,0,0,0,0,0,0,0
reference,22,PR-22,3,1765.9,7,0,0,0,0,0,0,0,0,0,20,0,0,0,0,0,0,0,0,0,0,0,0,0,0,0.5,0.5,0,0,0,0,0,5,0,0,0,0,0,0,0,0,0,0,0,0,0,0,0,0,0,0,0,0,0,5,30,0,0,0.5,0,0,0,0,0
reference,22,PR-22,3,1765.9,8,0,0,0,0,0,0,0,0.5,0,40,0,0,0,0,0,0,0,0,0,0,0,0.5,0,0,0.5,0,0,0,0,0,0,5,0,0,0,0,0,0,0,0,0,0,0,0,0,0,0,0,0,0,0,0,0,15,40,0,0,15,0,0,0,0,0
reference,22,PR-22,3,1765.9,9,0,0,0,0,0,0,0.5,1,0,30,0,0,0.5,0,0,0,0,0,0,0,0,0,0,0,0,0,0,0,0,0,0,10,0,0,0,0,0,0,0,0,0,0,0,0,0,0,0,0,0,0,0,0,0,25,40,0,0,1,0,0,0,0,0
reference,22,PR-22,3,1765.9,10,0,0,0,0,0,0,0.5,0.5,0,30,0,0,0.5,0,0,0,0,0,0,0,0,0,0,0,0.5,0.5,0,0,0,0,0,5,0,0,0,0,0,0,0,0,0,0,0,0,0,0,0,0,0,0,0,0,0,30,45,0,0,15,0,0,0,0,0
trampled,23,PR-23,3,1796.8,1,0,0,0,0,0,0,0,0,0,1,0,0,0,0,0,0,0,0,0,0,0,0.5,0,0,0.5,0,0,0,0.5,0,0,0,0,0,0,0,0,0,0,0,0,0,0,0,0,0,0,0,0,0,0,0,0,0,1,0,0,0,0,0,0,0,0
trampled,23,PR-23,3,1796.8,2,0,0,0,0,0,0,0,0.5,0,10,0,0,0,0,0,0,0,0,0,0,0,0.5,0,0,0.5,0,0,0,0,0,0,0,0,0,0,0,0,0,0,0,0,0,0,0,0,0,0,0,0,0,0,0,0,0.5,10,0,0,0,0,0,0,0,0
trampled,23,PR-23,3,1796.8,3,0,0,0,0,0,0,0,0.5,0,1,0,0,0,0,0,0,0,0,0,0,0,0.5,0,0,0,0,0,0,0,0,0,0,0,0,0,0,0,0,0,0,0,0,0,0,0,0,0,0,0,0,0,0,0,0,0,0,0,0,0,0,0,0.5,0
trampled,23,PR-23,3,1796.8,4,0,0,0,0,0,0,0,0,0,0.5,0,0,0,0,0,0,0,0,0,0,0,0.5,0,0,0.5,0,0,0,0,0,0,0,0,0,0,0,0,0,0,0,0,0,0,0,0,0,0,0,0,0,0,0,0,0,0,0,0,0,0,0,0,0,0
trampled,23,PR-23,3,1796.8,5,0,0,0,0,0,0,0,0.5,0,0.5,0,0,0,0,0,0,0,0,0,0,0,0,0,0,0.5,0,0,0,0,0,0,0,0,0,0,0,0,0,0,0,0,0,0,0,0,0,0,0,0,0,0,0,0,0,0.5,0,0,0,0,0,0,0,0
trampled,23,PR-23,3,1796.8,6,0,0,0,0,0,0,0,0,0,1,0,0,0,0,0,0,0,0,0,0,0,0,0,0,0.5,0,0,0,0,0,0,0,0,0,0,0,0,0,0,0,0,0,0,0,0,0,0,0,0,0,0,0,0,0,0.5,0,0,0,0,0,0,0.5,0
trampled,23,PR-23,3,1796.8,7,0,0,0,0,0,0,0,0,0,15,0,0,0,0,0,0,0,0,0,0,0,0.5,0,0,0.5,0,0,0,0,0,0,0,0,0,0,0,0,0,0,0,0,0,0,0,0,0,0,0,0,0,0,0,0,0,0,0,0,0,0,0,0,0,0
trampled,23,PR-23,3,1796.8,8,0,0,0,0,0,0,0,0.5,0,1,0,0,0,0,0,0,0,0,0,0,0,0,0,0,0.5,0,0,0,0,0,0,0,0,0,0,0,0,0,0,0,0,0,0,0,0,0,0,0,0,0,0,0,0,0,0,0,0,0,0,0,0,0,0
trampled,23,PR-23,3,1796.8,9,0,0,0,0,0,0,0,0.5,0,10,0,0,0,0,0,0,0,0,0,0,0,0.5,0,0,0.5,0,0,0,0,0,0,0,0,0,0,0,0,0,0,0,0,0,0,0,0,0,0,0,0,0,0,0,0,0,0,0,0,0,0,0,0,0.5,0
trampled,23,PR-23,3,1796.8,10,0,0,0,0,0,0,0,0.5,0,5,0,0,0,0,0,0,0,0,0,0,0,0,0,0,1,0,0,0,0,0,0,0,0,0,0,0,0,0,0,0,0,0,0,0,0,0,0,0,0,0,0,0,0,0,0.5,0,0,0.5,0,0,0,0,0
reference,24,PR-24,3,1797,1,0,0,0,0,0,0,0,0,0,1,0,0,0,0,0,0,0,0,0,0,0,0,0,0,0,0,0,0.5,0,0,0,0.5,0.5,0,0,0,0,0,0,0,0,0,0,0,0,0,0,0,0,0,0,0,0,1,60,0,0,0,0,0,0,0.5,0
reference,24,PR-24,3,1797,2,0,0,0,0,0,0,0,0,0,1,0,0,0,0,0,0,0,0,0,0,0,0,0,0,0,0,0,0,0,0,0,5,1,0,0,0,0,0,0,0,0,0,0,0,0,0,0,0,0,0,0,0,0,0,20,0,0,0,0,0,0,0.5,0
reference,24,PR-24,3,1797,3,0,0,0,0,0,0,0,0.5,0,5,0,0,0,0,0,0,0,0,0,0,0,0,0,0,0,0,0,0,0,0,0,0.5,0.5,0,0,0,0,0,0,0,0,0,0,0,0,0,0,0,0,0,0,0,0,0,40,0,0,0,0,0,0,1,0
reference,24,PR-24,3,1797,4,0,0,0,0,0,0,0,0.5,0,5,0,0,0,0,0,0,0,0,0,0,0,0,0,0,0,0,0,0,0,0,0,0,0,0,0,0,0,0,0,0,0,0,0,0,0,0,0,0,0,0,0,0,0,0,35,0,0,0,0,0,0,1,0
reference,24,PR-24,3,1797,5,0,0,0,0,0,0,0,0.5,0,5,0,0,0,0,0,0,0,0,0,0,0,0,0,0,0,0,0,0,0,0,0,0.5,0,0,0,0,0,0,0,0,0,0,0,0,0,0,0,0,0,0,0,0,0,0,20,0,0,0,0,0,0,1,0
reference,24,PR-24,3,1797,6,0,0,0,0,0,0,0,0.5,0,1,0,0,0,0,0,0,0,0,0,0,0,0,0,0,0,0,0,0,0,0,0,1,0.5,0,0,0,0,0,0,0,0,0,0,0,0,0,0,0,0,0,0,0,0,0,50,0,0,0,0,0,0,1,0
reference,24,PR-24,3,1797,7,0,0,0,0,0,0,0,0.5,0,1,0,0,0,0,0,0,0,0,0,0,0,0,0,0,0,0,0,0.5,0,0,0,0.5,0,0,0,0,0,0,0,0,0,0,0,0,0,0,0,0,0,0,0,0,0,0,20,0,0,0,0,0,0,1,0
reference,24,PR-24,3,1797,8,0,0,0,0,0,0,0,0.5,0,5,0,0,0,0,0,0,0,0,0,0,0,0,0,0,0,0,0,0,0.5,0,0,0.5,0,0,0,0,0,0,0,0,0,0,0,0,0,0,0,0,0,0,0,0,0,0,10,0,0,1,0,0,0,1,0
reference,24,PR-24,3,1797,9,0,0,0,0,0,0,0,0.5,0,1,0,0,0,0,0,0,0,0,0,0,0,0,0,0,0,0,0,0.5,0.5,0,0,5,0,0,0,0,0,0,0,0,0,0,0,0,0,0,0,0,0,0,0,0,5,0,10,0,0,0,0,0,0,5,0
reference,24,PR-24,3,1797,10,0,0,0,0,0,0,0,0.5,0,5,0,0,0,0,0,0,0,0,0,0,0,0,0,0,0,0,0,0.5,0,0,0,10,0.5,0,0,0,0,0,0,0,0,0,0,0,0,0,0,0,0,0,0,0,1,0,15,0,0,10,0,0,0,1,0
trampled,25,TM-25,1,1658.9,1,0,0,0,0,0,0,0,0,0,1,0,0,0,0,0,0,0,0,0,0,0,0,0,0,0,0,0,0,0,0,0,0,0,0,0,0,0,0,0,0,0,0,0,0,0,0,0,0,0,0,0,0,0,1,0,0,0,0,0,0,0,0,0
trampled,25,TM-25,1,1658.9,2,0,0,0,0,0,0,0,0.5,0,1,0,0,0,0,0,0,0,0,0,0,0,0.5,0,0,0,0,0,0,0,0,0,0,0,0,0,0,0,0,0,0,0,0,0,0,1,0,0,0,0,0,0,0,10,0,0,0,0,5,0,0,0,15,0
trampled,25,TM-25,1,1658.9,3,0,0,0,0,0,0,0,0.5,0,10,0,0,0,0,0,0,0,0,0,0,0,0,0,0,0,0,0,0,0,0,0,0,0,0,0,0,0,0,0,0,0,0,0,0,1,0,0,0,0,0,0,0,20,5,0,0,0,25,0,0,0,0,0
trampled,25,TM-25,1,1658.9,4,0,0,0,0,0,0,0,0.5,0,10,0,0,0,0,0,0,0,0,0,0,0,0,0,0,0.5,0.5,0,0,0,0,0,0,0,0,0,0,0,0,0,0,0,0,0,0,1,0,0,0,0,0,0,0,35,1,0,0,0,15,0,0,0,0,0
trampled,25,TM-25,1,1658.9,5,0,0,0,0,0,0,0,0.5,0,1,0,0,0,0,0,0,0,0,0,0,0,0,0,0,0.5,0.5,0,0,0,0,0,0,0,0,0,0,0,0,0,0.5,0,0,0,0,5,0,0,0,0,0,0,0,80,5,0,0,0,5,0,0,0,1,0
trampled,25,TM-25,1,1658.9,6,0,0,0,0,0,0,0,0.5,0,25,0,0,0,0,0,0,0,0,0,0,0,0.5,0,0,0.5,0,0,0,0,0,0,0,0,0,0.5,0,0,0,0,0,0,0,0,0,5,0,0,0,0,0,0,0,60,1,0,0,0,10,0,0,0,1,0
trampled,25,TM-25,1,1658.9,7,0,0,0,0,0,0,0,0.5,0,20,0,0,0,0,0,0,0,0,0,0,0,0.5,0,0,1,0.5,0,0,0,0,0,0,0,0,0.5,0,0,0,0,0,0,0,0,0,10,0,0,0,0,0,0,0,40,1,0,0,0,1,0,0,0,1,0
trampled,25,TM-25,1,1658.9,8,0,0,0,0,0,0,0,0.5,0,10,0,0,0,0,0,0,0,0,0,0,0,0,0,0,1,0,0,0,0,0,0,0,0,0,5,0,0,0,0,0,0,0,0,0,10,0,0,0,0,0,0,0,10,10,0,0,0,30,0,0,0,5,0
trampled,25,TM-25,1,1658.9,9,0,0,0,0,0,0,0,1,0,10,0,0,0,0,0,0,0,0,0,0,0,0,0,0,10,1,0,0,0,0,0,0,0,0,15,0,0,0,0,0,0,0,0,0,0.5,0,0,0,0,0,0,0,15,10,0,0,0,1,0,0,0,0,0
trampled,25,TM-25,1,1658.9,10,0,0,0,0,0,0,0,0,0,0,0,0,0,0,0,0,0,0,0,0,0,0,0,0,0.5,0,0,0,0,0,0,0,0,0,0,0,0,0,0,0,0,0,0,0,0,0,0,0,0,0,0,0,0,1,0,0,0,0,0,0,0,0,0
reference,26,TM-26,1,1658,1,0,0,0,0,0,0,0,5,0,5,0,0,0,0,0,0,0,0,0,0,0,1,0,0,0,0.5,0,0,0,0,0,0,0,0,1,0,5,0,0,0,0,0,0,0,0,0,0,0,0,0,0,0,1,5,40,0,0,1,0,0,0,0.5,0
reference,26,TM-26,1,1658,2,0,0,0,0,0,0,0,5,0,10,0,0,0,0,0,0,0,0,0,0,0,0.5,0,0,0,0,0,0,0,0,0,0,0,0,1,0,10,0,0,0,0,0,0,0,0,0,0,0,0,0,0,0,5,5,25,0,0,1,0,0,0,5,0
reference,26,TM-26,1,1658,3,0,0,0,0,0,0,0,5,0,15,0,0,0,0,0,0,0,0,0,0,0,1,0,0,0,0.5,0,0,0,0,0,0,0,0,0,0,10,0,0,0,0,0,0,0,0,0,0,0,0,0,0,0,1,0.5,20,0,0,1,0,0,0,5,0
reference,26,TM-26,1,1658,4,0,0,0,0,0,0,0,1,0,15,0,0,0,0,0,0,0,0,0,0,0,1,0,0,0,0.5,0,0,0,0,0,0,0,0,0.5,0,5,0,0,0,0,0,0,0,0,0,0,0,0,0,0,0,1,5,10,0,0,15,0,0,0,5,0
reference,26,TM-26,1,1658,5,0,0,0,0,0,0,0,5,0,10,0,0,0,0,0,0,0,0,0,0,0,1,0,0,0,1,0,0,0,0,0,0,0,0,0,0,1,0,0,0,0,0,0,0,0,0,0,0,0,0,0,0,0.5,1,20,0,0,10,0,0,0,5,0
reference,26,TM-26,1,1658,6,0,0,0,0,0,0,1,1,0,10,0,0,0.5,0,0,0,0,0,0,0,0,5,0,0,0,5,0,0,0,0,0,0,0,0,0,0,10,0,0,0,0,0,0,0,0,0,0,0,0,0,0,0,5,1,10,0,0,15,0,0,0,15,0
reference,26,TM-26,1,1658,7,0,0,0,0,0,0,1,0.5,0,5,0,0,5,0,0,0,0,0,0,0,0,1,0,0,0,1,0,0,0,0,0,0,0,0,1,0,5,0,0,0,0,0,0,0,0,0,0,0,0,0,0,0,0,1,15,0,0,20,0,0,0,5,0
reference,26,TM-26,1,1658,8,0,0,0,0,0,0,1,1,0,10,0,0,0,0,0,0,0,0,0,0,0,5,0,0,0.5,0,0,0,0,0,0,0,0,0,5,0,0,0,0,0,0,0,0,0,0,0,0,0,0,1,0,0,5,0,20,0,0,20,0,0,0,1,0
reference,26,TM-26,1,1658,9,0,0,0,0,0,0,1,5,0,15,0,0,0,0,0,0,0,0,0,0,0,5,0,0,5,0,0,0,0,0,0,0,0,0,1,0,5,0,0,0,0,0,0,0,0,0,0,0,0,0,0,0,0,5,45,0,0,15,0,0,0,15,5
reference,26,TM-26,1,1658,10,0,5,0,0,0,0,0,5,0,5,0,0,10,0,0,0,0,0,0,0,0,1,0,0,0,0,0,0,0,0,0,0,0,0,0,0,5,0,0,0,0,0,0,0,0,0,0,0,0,0,0,0,0,20,10,0,0,30,0,0,0,15,0
trampled,27,TM-27,1,1669.2,1,0,0,0,0,0,0,0,0,0,0,0,0,0,0,0,0,0,0,0,0,0,0,0,0,0,0,0,0,0,0,0,0,0,0,0,0,0,0,0,0,0,0,0,0,0,0,0,0,0,0,0,0,0,0.5,0,0,0,0.5,0,0,0,0,0
trampled,27,TM-27,1,1669.2,2,0,0,0,0,0,0,0,0,0,0.5,0,0,0,0,0,0,0,0,0,0,0,0,0,0,0,0,0,0,0,0,0,0,0,0,0,0,0,0,0,0,0,0,0,0,0,0,0,0,0,0,0,0,0,0.5,0,0,0,0.5,0,0,0,0,0
trampled,27,TM-27,1,1669.2,3,0,0,0,0,0,0,0,0,0,0,0,0,0,0,0,0,0,0,0,0,0,0,0,0,0,0,0,0,0,0,0,0,0,0,0,0,0,0,0,0,0,0,0,0,0,0,0,0,0,0,0,0,0,0,0,0,0,0.5,0,0,0,0,0
trampled,27,TM-27,1,1669.2,4,0,0,0,0,0,0,0,0,0,0.5,0,0,0,0,0,0,0,0,0,0,0,0,0,0,0,0,0,0,0,0,0,0,0,0,0,0,0,0,0,0,0,0,0,0,0,0,0,0,0,0,0,0,0,0.5,0,0,0,0.5,0,0,0,0,0
trampled,27,TM-27,1,1669.2,5,0,0,0,0,0,0,0,0,0,5,0,0,0,0,0,0,0,0,0,0,0,0,0,0,0,0,0,0,0,0,0,0,0,0,0.5,0,0,0,0,0,0,0,0,0,0,0,0,0,0,0,0,0,0,5,5,0,0,5,0,0,0,0,0
trampled,27,TM-27,1,1669.2,6,0,0,0,0,0,0,0,0,0,5,0,0,0,0,0,0,0,0,0,0,0,0,0,0,0,0,0,0,0,0,0,0,0,0,0.5,0,0.5,0,0,0,0,0,0,0,0,0,0,0,0,0,0,0,0,10,15,0,0,15,0,0,0,0,35
trampled,27,TM-27,1,1669.2,7,0,0,0,0,0,0,0,0,0,10,0,0,0,0,0,0,0,0,0,0,0,0,0,0,0,0,0,0,0,0,0,0,0,0,0.5,0,0.5,0,0,0,0,0,0,0,0,0,0,0,0,0,0,0,0,25,15,0,0,25,0,0,0,0.5,45
trampled,27,TM-27,1,1669.2,8,0,0,0,0,0,0,0,0,0,5,0,0,0,0,0,0,0,0,0,0,0,0,0,0,0,0,0,0,0,0,0,0,0,0,0.5,0,0.5,0,0,0,0,0,0,0,0,0,0,0,0,0,0,0,0,5,5,0,0,1,0,0,0,1,0
trampled,27,TM-27,1,1669.2,9,0,0,0,0,0,0,0,0,0,0,0,0,0,0,0,0,0,0,0,0,0,0,0,0,0,0,0,0,0,0,0,0,0,0,0,0,0,0,0,0,0,0,0,0,0,0,0,0,0,0,0,0,0,0,0,0,0,0,0,0,0,0,0
trampled,27,TM-27,1,1669.2,10,0,0,0,0,0,0,0,0,0,0,0,0,0,0,0,0,0,0,0,0,0,0,0,0,0,0,0,0,0,0,0,0,0,0,0,0,0,0,0,0,0,0,0,0,0,0,0,0,0,0,0,0,0,0,0,0,0,0,0,0,0,0,0
reference,28,TM-28,1,1669.7,1,0,0,0,0,0,0,0,0.5,0,5,0,0,0,0,0,0,0,0,0,0,0,0,0,0,0,0,0,0,0,0,0,0,0,0,0,0,5,0,0,0,0,0,0,0,0,0,0,0,0,0,0,0,5,15,30,0,0,25,0,0,0,1,5
reference,28,TM-28,1,1669.7,2,0,0,0,0,0,0,0,0,0,1,0,0,0,0,0,0,0,0,0,0,0,0,0,0,0,0,0,0,0,0,0,0,0,0,0,0,5,0,0,0,0,0,0,0,0,0,0,0,0,0,1,1,5,5,15,0,0,25,0,0,0,0,0
reference,28,TM-28,1,1669.7,3,0,0,0,0,0,0,0,0,0,0.5,0,0,0,0,0,0,0,0,0,0,0,0,0,0,0,0,0,0,0,0,0,0,0,0,0,0,5,0,0,0,0,0,0,0,0,0,0,0,0,0,1,5,1,15,40,0,0,20,0,0,0,0.5,0
reference,28,TM-28,1,1669.7,4,0,0,0,0,0,0,0,0,0,0.5,0,0,0,0,0,0,0,0,0,0,0,0,0,0,0,0,0,0,0,0,0,0,0,0,0,0,1,0,0,0,0,0,0,0,0,0,0,0,0,0,5,1,0.5,5,50,0,0,5,0,0,0,0.5,0.5
reference,28,TM-28,1,1669.7,5,0,0,0,0,0,0,0,0,0,0.5,0,0,0,0,0,0,0,0,0,0,0,0,0,0,0,0,0,0,0,0,0,0,0,0,0,0,0.5,0,0,0,0,0,0,0,0,0,0,0,0,0,5,5,5,5,15,0,0,10,0,0,0,0,0.5
reference,28,TM-28,1,1669.7,6,0,0,0,0,0,0,0,0,0,0.5,0,0,0,0,0,0,0,0,0,0,0,0,0,0,0,0,0,0,0,0,0,0,0,0,0.5,0,10,0,0,0,0,0,0,0,0,0,0,0,0,0,5,0.5,0.5,5,5,0,0,25,0,0,0,5,0
reference,28,TM-28,1,1669.7,7,0,0,0,0,0,0,0,0,0,0.5,0,0,0,0,0,0,0,0,0,0,0,0,0,0,0,0,0,0,0,0,0,0,0,0,0,0,5,0,0,0,0,0,0,0,0,0,0,0,0,0,10,0,1,10,20,0,0,15,0,0,0,30,0
reference,28,TM-28,1,1669.7,8,0,0,0,0,0,0,0,0,0,1,0,0,0,0,0,0,0,0,0,0,0,0,0,0,0,0,0,0,0,0,0,0,0,0,0.5,0,5,0,0,0,0,0,0,0,0,0,0,0,0,0,10,0,5,5,25,0,0,20,0,0,0,5,0
reference,28,TM-28,1,1669.7,9,0,0,0,0,0,0,0,0,0,1,0,0,0,0,0,0,0,0,0,0,0,0,0,0,0,0,0,0,0,0,0,0,0,0.5,0,0,5,0,0,0,0,0,0,0,0,0,0,0,0,0,10,0,5,5,20,0,0,25,0,0,0,5,0
reference,28,TM-28,1,1669.7,10,0,0,0,0,0,0,0,0,0,0.5,0,0,0,0,0,0,0,0,0,0,0,0,0,0,0,0,0,0,0,0,0,0,0,0,0,0,5,0,0,0,0,0,0,0,0,0,0,0,0,0,0,1,1,1,15,0,0,45,0,0,0,1,5